<?xml version="1.0" encoding="UTF-8"?>
<kml xmlns="http://www.opengis.net/kml/2.2">
  <Document>
    <Placemark>
      <name>Dom Uphagena</name>
      <description><![CDATA[<b>Data wybudowania:</b> 1776<br><b>Uwagi:</b> Brak uwag]]></description>
      <Point>
        <coordinates>18.649305,54.349276,0</coordinates>
      </Point>
    </Placemark>
    <Placemark>
      <name>Gdańsk, 3 Maja 25</name>
      <description><![CDATA[<b>Data wybudowania:</b> 1894<br><b>Uwagi:</b> Brak uwag]]></description>
      <Point>
        <coordinates>18.642643399275787,54.3594719,0</coordinates>
      </Point>
    </Placemark>
    <Placemark>
      <name>Gdańsk, Abrahama 16</name>
      <description><![CDATA[<b>Data wybudowania:</b> 1980<br><b>Uwagi:</b> 1980 wg nr windy]]></description>
      <Point>
        <coordinates>18.57328207121893,54.390740050000005,0</coordinates>
      </Point>
    </Placemark>
    <Placemark>
      <name>Gdańsk, Agrarna 2</name>
      <description><![CDATA[<b>Data wybudowania:</b> 1890<br><b>Uwagi:</b> dla rodziny Roemerów ; ok. 1890]]></description>
      <Point>
        <coordinates>18.512623,54.372656,0</coordinates>
      </Point>
    </Placemark>
    <Placemark>
      <name>Gdańsk, Angielska Grobla 19</name>
      <description><![CDATA[<b>Data wybudowania:</b> 1894<br><b>Uwagi:</b> Brak uwag]]></description>
      <Point>
        <coordinates>18.666651588709676,54.350842,0</coordinates>
      </Point>
    </Placemark>
    <Placemark>
      <name>Gdańsk, Arkońska 17</name>
      <description><![CDATA[<b>Data wybudowania:</b> 1957<br><b>Uwagi:</b> Brak uwag]]></description>
      <Point>
        <coordinates>18.578860446470753,54.4035045,0</coordinates>
      </Point>
    </Placemark>
    <Placemark>
      <name>Gdańsk, Arkońska 43</name>
      <description><![CDATA[<b>Data wybudowania:</b> 1932<br><b>Uwagi:</b> 2020 - remont]]></description>
      <Point>
        <coordinates>18.58078338003465,54.40059195,0</coordinates>
      </Point>
    </Placemark>
    <Placemark>
      <name>Gdańsk, Arkońska 6</name>
      <description><![CDATA[<b>Data wybudowania:</b> 2009<br><b>Uwagi:</b> Brak uwag]]></description>
      <Point>
        <coordinates>18.575865550210768,54.4054571,0</coordinates>
      </Point>
    </Placemark>
    <Placemark>
      <name>Gdańsk, Arkońska 6 A1</name>
      <description><![CDATA[<b>Data wybudowania:</b> 2008<br><b>Uwagi:</b> Brak uwag]]></description>
      <Point>
        <coordinates>18.579090585327805,54.4057227,0</coordinates>
      </Point>
    </Placemark>
    <Placemark>
      <name>Gdańsk, Arkońska 6 A2</name>
      <description><![CDATA[<b>Data wybudowania:</b> 2008<br><b>Uwagi:</b> Brak uwag]]></description>
      <Point>
        <coordinates>18.579090585327805,54.4057227,0</coordinates>
      </Point>
    </Placemark>
    <Placemark>
      <name>Gdańsk, Arkońska 6 A5</name>
      <description><![CDATA[<b>Data wybudowania:</b> 2010<br><b>Uwagi:</b> Brak uwag]]></description>
      <Point>
        <coordinates>18.579090585327805,54.4057227,0</coordinates>
      </Point>
    </Placemark>
    <Placemark>
      <name>Gdańsk, Baczyńskiego 2</name>
      <description><![CDATA[<b>Data wybudowania:</b> 1974<br><b>Uwagi:</b> Brak uwag]]></description>
      <Point>
        <coordinates>18.624498,54.388010,0</coordinates>
      </Point>
    </Placemark>
    <Placemark>
      <name>Gdańsk, Bałtycka 31</name>
      <description><![CDATA[<b>Data wybudowania:</b> 1903<br><b>Uwagi:</b> Brak uwag]]></description>
      <Point>
        <coordinates>18.600934,54.422802,0</coordinates>
      </Point>
    </Placemark>
    <Placemark>
      <name>Gdańsk, Baszta Wielka Stągiewna</name>
      <description><![CDATA[<b>Data wybudowania:</b> 1519<br><b>Uwagi:</b> Brak uwag]]></description>
      <Point>
        <coordinates>18.659882379108097,54.3472859,0</coordinates>
      </Point>
    </Placemark>
    <Placemark>
      <name>Gdańsk, Bateria Wiejska</name>
      <description><![CDATA[<b>Data wybudowania:</b> 1910<br><b>Uwagi:</b> Bateria Wiejska]]></description>
      <Point>
        <coordinates>18.644831226455054,54.4026505,0</coordinates>
      </Point>
    </Placemark>
    <Placemark>
      <name>Gdańsk, Batorego 38A-38B</name>
      <description><![CDATA[<b>Data wybudowania:</b> 2023<br><b>Uwagi:</b> Brak uwag]]></description>
      <Point>
        <coordinates>18.59678390541076,54.3777689,0</coordinates>
      </Point>
    </Placemark>
    <Placemark>
      <name>Gdańsk, Bazylika Mariacka</name>
      <description><![CDATA[<b>Data wybudowania:</b> 1502<br><b>Uwagi:</b> Brak uwag]]></description>
      <Point>
        <coordinates>18.653004,54.349835,0</coordinates>
      </Point>
    </Placemark>
    <Placemark>
      <name>Gdańsk, Bażyńskiego - Wydział NAuk Społecznych</name>
      <description><![CDATA[<b>Data wybudowania:</b> 2009<br><b>Uwagi:</b> Brak uwag]]></description>
      <Point>
        <coordinates>18.573053,54.399164,0</coordinates>
      </Point>
    </Placemark>
    <Placemark>
      <name>Gdańsk, Bażyńskiego - Wydział Neofilologii i Rektorat</name>
      <description><![CDATA[<b>Data wybudowania:</b> 2019<br><b>Uwagi:</b> Brak uwag]]></description>
      <Point>
        <coordinates>18.570167,54.398766,0</coordinates>
      </Point>
    </Placemark>
    <Placemark>
      <name>Gdańsk, Bażyńskiego - Wydział Prawa</name>
      <description><![CDATA[<b>Data wybudowania:</b> 2001<br><b>Uwagi:</b> Szczepan Baum z Jackiem Droszczem, Adamem Drohomireckim i Andrzejem Kwiecińskim (gedanopedia podaje rok 2004 ?)]]></description>
      <Point>
        <coordinates>18.571578,54.399014,0</coordinates>
      </Point>
    </Placemark>
    <Placemark>
      <name>Gdańsk, Bażyńskiego 1a</name>
      <description><![CDATA[<b>Data wybudowania:</b> 2005<br><b>Uwagi:</b> Biblioteka Główna Uniwersytetu Gdańskiego]]></description>
      <Point>
        <coordinates>18.574453,54.397113,0</coordinates>
      </Point>
    </Placemark>
    <Placemark>
      <name>Gdańsk, Belgradzka</name>
      <description><![CDATA[<b>Data wybudowania:</b> 1985<br><b>Uwagi:</b> Brak uwag]]></description>
      <Point>
        <coordinates>18.58676387375359,54.35456668692217,0</coordinates>
      </Point>
    </Placemark>
    <Placemark>
      <name>Gdańsk, Beniowskiego 1</name>
      <description><![CDATA[<b>Data wybudowania:</b> 2017<br><b>Uwagi:</b> Brak uwag]]></description>
      <Point>
        <coordinates>18.578608890356143,54.406548,0</coordinates>
      </Point>
    </Placemark>
    <Placemark>
      <name>Gdańsk, Beniowskiego 3</name>
      <description><![CDATA[<b>Data wybudowania:</b> 2017<br><b>Uwagi:</b> Brak uwag]]></description>
      <Point>
        <coordinates>18.579186558333333,54.406931,0</coordinates>
      </Point>
    </Placemark>
    <Placemark>
      <name>Gdańsk, Beniowskiego 3-5</name>
      <description><![CDATA[<b>Data wybudowania:</b> 2020<br><b>Uwagi:</b> Osiedle Idea 2017-2020]]></description>
      <Point>
        <coordinates>18.579125,54.406754,0</coordinates>
      </Point>
    </Placemark>
    <Placemark>
      <name>Gdańsk, Beniowskiego 3a</name>
      <description><![CDATA[<b>Data wybudowania:</b> 2017<br><b>Uwagi:</b> Brak uwag]]></description>
      <Point>
        <coordinates>18.578248240963855,54.406964,0</coordinates>
      </Point>
    </Placemark>
    <Placemark>
      <name>Gdańsk, Beniowskiego 7</name>
      <description><![CDATA[<b>Data wybudowania:</b> 1996<br><b>Uwagi:</b> Straż Pożarna]]></description>
      <Point>
        <coordinates>18.57860594383365,54.4078274,0</coordinates>
      </Point>
    </Placemark>
    <Placemark>
      <name>Gdańsk, Beniowskiego 9-11a</name>
      <description><![CDATA[<b>Data wybudowania:</b> 2014<br><b>Uwagi:</b> Brak uwag]]></description>
      <Point>
        <coordinates>18.575180647891372,54.414245808427665,0</coordinates>
      </Point>
    </Placemark>
    <Placemark>
      <name>Gdańsk, Bethovena 22</name>
      <description><![CDATA[<b>Data wybudowania:</b> 2001<br><b>Uwagi:</b> Brak uwag]]></description>
      <Point>
        <coordinates>18.613501,54.356197,0</coordinates>
      </Point>
    </Placemark>
    <Placemark>
      <name>Gdańsk, Biała 1</name>
      <description><![CDATA[<b>Data wybudowania:</b> 1977<br><b>Uwagi:</b> Brak uwag]]></description>
      <Point>
        <coordinates>18.61494532496844,54.37939245,0</coordinates>
      </Point>
    </Placemark>
    <Placemark>
      <name>Gdańsk, Białoszewskiego 8</name>
      <description><![CDATA[<b>Data wybudowania:</b> 2016<br><b>Uwagi:</b> Brak uwag]]></description>
      <Point>
        <coordinates>18.593124,54.383647,0</coordinates>
      </Point>
    </Placemark>
    <Placemark>
      <name>Gdańsk, Biegańskiego</name>
      <description><![CDATA[<b>Data wybudowania:</b> 1985<br><b>Uwagi:</b> Brak uwag]]></description>
      <Point>
        <coordinates>18.621354062619723,54.344551970728084,0</coordinates>
      </Point>
    </Placemark>
    <Placemark>
      <name>Gdańsk, Biegańskiego 31</name>
      <description><![CDATA[<b>Data wybudowania:</b> 1981<br><b>Uwagi:</b> Brak uwag]]></description>
      <Point>
        <coordinates>18.620103862087177,54.3435468,0</coordinates>
      </Point>
    </Placemark>
    <Placemark>
      <name>Gdańsk, Bielańska 5</name>
      <description><![CDATA[<b>Data wybudowania:</b> 1612<br><b>Uwagi:</b> Abraham van den Blocke; Dom Opatów Pelplińskich]]></description>
      <Point>
        <coordinates>18.646908,54.353513,0</coordinates>
      </Point>
    </Placemark>
    <Placemark>
      <name>Gdańsk, Bitwy Oliwskiej 14</name>
      <description><![CDATA[<b>Data wybudowania:</b> 1971<br><b>Uwagi:</b> Brak uwag]]></description>
      <Point>
        <coordinates>18.566168027560572,54.4216536,0</coordinates>
      </Point>
    </Placemark>
    <Placemark>
      <name>Gdańsk, Bitwy Oliwskiej 15</name>
      <description><![CDATA[<b>Data wybudowania:</b> 1970<br><b>Uwagi:</b> Brak uwag]]></description>
      <Point>
        <coordinates>18.566861199999995,54.421972600000004,0</coordinates>
      </Point>
    </Placemark>
    <Placemark>
      <name>Gdańsk, Bitwy Oliwskiej 16</name>
      <description><![CDATA[<b>Data wybudowania:</b> 1971<br><b>Uwagi:</b> Brak uwag]]></description>
      <Point>
        <coordinates>18.56697800686814,54.421523949999994,0</coordinates>
      </Point>
    </Placemark>
    <Placemark>
      <name>Gdańsk, Bobrowa 7</name>
      <description><![CDATA[<b>Data wybudowania:</b> 1973<br><b>Uwagi:</b> Brak uwag]]></description>
      <Point>
        <coordinates>18.557614,54.418860,0</coordinates>
      </Point>
    </Placemark>
    <Placemark>
      <name>Gdańsk, Boguckiego</name>
      <description><![CDATA[<b>Data wybudowania:</b> 2000<br><b>Uwagi:</b> Szczepan Baum, Kościół św. Wojciecha]]></description>
      <Point>
        <coordinates>18.915190,54.336175,0</coordinates>
      </Point>
    </Placemark>
    <Placemark>
      <name>Gdańsk, Bohaterów Getta Warszawskiego 12</name>
      <description><![CDATA[<b>Data wybudowania:</b> 1907<br><b>Uwagi:</b> Brak uwag]]></description>
      <Point>
        <coordinates>18.616062,54.374675,0</coordinates>
      </Point>
    </Placemark>
    <Placemark>
      <name>Gdańsk, Braci Majewskich 22</name>
      <description><![CDATA[<b>Data wybudowania:</b> Brak danych<br><b>Uwagi:</b> ok. 1985 (wtedy szpital)]]></description>
      <Point>
        <coordinates>18.61104614654341,54.4000339,0</coordinates>
      </Point>
    </Placemark>
    <Placemark>
      <name>Gdańsk, Brama Zielona</name>
      <description><![CDATA[<b>Data wybudowania:</b> 1568<br><b>Uwagi:</b> Regnier i potem Hans Kramer]]></description>
      <Point>
        <coordinates>18.655716,54.347943,0</coordinates>
      </Point>
    </Placemark>
    <Placemark>
      <name>Gdańsk, Brama Mariacka</name>
      <description><![CDATA[<b>Data wybudowania:</b> 1484<br><b>Uwagi:</b> Właściwie to między 1457 a 1484 bo wtedy I wzmianka.  Odbudowana w 1961 roku]]></description>
      <Point>
        <coordinates>18.656708,54.349391,0</coordinates>
      </Point>
    </Placemark>
    <Placemark>
      <name>Gdańsk, Brama Chlebnicka</name>
      <description><![CDATA[<b>Data wybudowania:</b> 1475<br><b>Uwagi:</b> właśniwie: II poł. XV wieku, ale herb z lilią wiek starszy; odbudowana w 1961 roku]]></description>
      <Point>
        <coordinates>18.656175,54.348678,0</coordinates>
      </Point>
    </Placemark>
    <Placemark>
      <name>Gdańsk, Bronisława Czecha</name>
      <description><![CDATA[<b>Data wybudowania:</b> 1985<br><b>Uwagi:</b> Brak uwag]]></description>
      <Point>
        <coordinates>18.574725702442084,54.36104875232213,0</coordinates>
      </Point>
    </Placemark>
    <Placemark>
      <name>Gdańsk, Budowlanych 46C</name>
      <description><![CDATA[<b>Data wybudowania:</b> 1985<br><b>Uwagi:</b> Brak uwag]]></description>
      <Point>
        <coordinates>18.472084,54.363405,0</coordinates>
      </Point>
    </Placemark>
    <Placemark>
      <name>Gdańsk, Cebertowicza</name>
      <description><![CDATA[<b>Data wybudowania:</b> 1990<br><b>Uwagi:</b> Brak uwag]]></description>
      <Point>
        <coordinates>18.6050396,54.3384478,0</coordinates>
      </Point>
    </Placemark>
    <Placemark>
      <name>Gdańsk, Ceynowy 6</name>
      <description><![CDATA[<b>Data wybudowania:</b> 1905<br><b>Uwagi:</b> Brak uwag]]></description>
      <Point>
        <coordinates>18.568525,54.410194,0</coordinates>
      </Point>
    </Placemark>
    <Placemark>
      <name>Gdańsk, Chałubińskiego</name>
      <description><![CDATA[<b>Data wybudowania:</b> 1985<br><b>Uwagi:</b> Brak uwag]]></description>
      <Point>
        <coordinates>18.6170619,54.3421961,0</coordinates>
      </Point>
    </Placemark>
    <Placemark>
      <name>Gdańsk, Chałubińskiego 1a</name>
      <description><![CDATA[<b>Data wybudowania:</b> 2002<br><b>Uwagi:</b> Brak uwag]]></description>
      <Point>
        <coordinates>18.625275,54.341789,0</coordinates>
      </Point>
    </Placemark>
    <Placemark>
      <name>Gdańsk, Chłopska 20</name>
      <description><![CDATA[<b>Data wybudowania:</b> 1970<br><b>Uwagi:</b> Janusz Morek ; 1966-1970]]></description>
      <Point>
        <coordinates>18.589085720169017,54.41048465,0</coordinates>
      </Point>
    </Placemark>
    <Placemark>
      <name>Gdańsk, Chłopska 22</name>
      <description><![CDATA[<b>Data wybudowania:</b> 1970<br><b>Uwagi:</b> Janusz Morek ; 1966-1970]]></description>
      <Point>
        <coordinates>18.59189624098677,54.41137785,0</coordinates>
      </Point>
    </Placemark>
    <Placemark>
      <name>Gdańsk, Chłopska 24</name>
      <description><![CDATA[<b>Data wybudowania:</b> 1970<br><b>Uwagi:</b> Janusz Morek ; 1966-1970]]></description>
      <Point>
        <coordinates>18.588701,54.4116932,0</coordinates>
      </Point>
    </Placemark>
    <Placemark>
      <name>Gdańsk, Chłopska 34</name>
      <description><![CDATA[<b>Data wybudowania:</b> 1966<br><b>Uwagi:</b> Janusz Morek ; 1964-1966]]></description>
      <Point>
        <coordinates>18.588211455099206,54.41490115,0</coordinates>
      </Point>
    </Placemark>
    <Placemark>
      <name>Gdańsk, Chłopska 36</name>
      <description><![CDATA[<b>Data wybudowania:</b> 1966<br><b>Uwagi:</b> Janusz Morek ; 1964-1966]]></description>
      <Point>
        <coordinates>18.58905995,54.41410380000001,0</coordinates>
      </Point>
    </Placemark>
    <Placemark>
      <name>Gdańsk, Chłopska 38</name>
      <description><![CDATA[<b>Data wybudowania:</b> 1966<br><b>Uwagi:</b> Janusz Morek ; 1964-1966]]></description>
      <Point>
        <coordinates>18.589239022673215,54.414479150000005,0</coordinates>
      </Point>
    </Placemark>
    <Placemark>
      <name>Gdańsk, Chłopska 40</name>
      <description><![CDATA[<b>Data wybudowania:</b> 1966<br><b>Uwagi:</b> Janusz Morek ; 1964-1966]]></description>
      <Point>
        <coordinates>18.589191200000002,54.4148427,0</coordinates>
      </Point>
    </Placemark>
    <Placemark>
      <name>Gdańsk, Chłopska 42</name>
      <description><![CDATA[<b>Data wybudowania:</b> 1966<br><b>Uwagi:</b> Janusz Morek ; 1964-1966]]></description>
      <Point>
        <coordinates>18.589552177320442,54.41522375,0</coordinates>
      </Point>
    </Placemark>
    <Placemark>
      <name>Gdańsk, Chłopska 44</name>
      <description><![CDATA[<b>Data wybudowania:</b> 1966<br><b>Uwagi:</b> Janusz Morek ; 1964-1966]]></description>
      <Point>
        <coordinates>18.5891409,54.4155765,0</coordinates>
      </Point>
    </Placemark>
    <Placemark>
      <name>Gdańsk, Chłopska 64</name>
      <description><![CDATA[<b>Data wybudowania:</b> 1960<br><b>Uwagi:</b> Brak uwag]]></description>
      <Point>
        <coordinates>18.586677663535976,54.41804995,0</coordinates>
      </Point>
    </Placemark>
    <Placemark>
      <name>Gdańsk, Chłopska 7</name>
      <description><![CDATA[<b>Data wybudowania:</b> 1980<br><b>Uwagi:</b> Brak uwag]]></description>
      <Point>
        <coordinates>18.588390068181816,54.405436,0</coordinates>
      </Point>
    </Placemark>
    <Placemark>
      <name>Gdańsk, Chmielna 6</name>
      <description><![CDATA[<b>Data wybudowania:</b> 2019<br><b>Uwagi:</b> Brak uwag]]></description>
      <Point>
        <coordinates>18.658407,54.3493795,0</coordinates>
      </Point>
    </Placemark>
    <Placemark>
      <name>Gdańsk, Chrobrego 16</name>
      <description><![CDATA[<b>Data wybudowania:</b> 1907<br><b>Uwagi:</b> fundacja Abbega ; 1906-1907]]></description>
      <Point>
        <coordinates>18.61600956556659,54.38541965,0</coordinates>
      </Point>
    </Placemark>
    <Placemark>
      <name>Gdańsk, Chrobrego 26</name>
      <description><![CDATA[<b>Data wybudowania:</b> 1907<br><b>Uwagi:</b> fundacja Abbega, nr 28 także 1906-1907]]></description>
      <Point>
        <coordinates>18.616097714185408,54.38595915,0</coordinates>
      </Point>
    </Placemark>
    <Placemark>
      <name>Gdańsk, Chrobrego 34-36</name>
      <description><![CDATA[<b>Data wybudowania:</b> 1907<br><b>Uwagi:</b> fundacja Abbega 1906-1907]]></description>
      <Point>
        <coordinates>18.616070,54.386329,0</coordinates>
      </Point>
    </Placemark>
    <Placemark>
      <name>Gdańsk, Chrzanowskiego 10A</name>
      <description><![CDATA[<b>Data wybudowania:</b> 2010<br><b>Uwagi:</b> Brak uwag]]></description>
      <Point>
        <coordinates>18.585918602743018,54.381827200000004,0</coordinates>
      </Point>
    </Placemark>
    <Placemark>
      <name>Gdańsk, Chrzanowskiego 21A</name>
      <description><![CDATA[<b>Data wybudowania:</b> 2002<br><b>Uwagi:</b> Brak uwag]]></description>
      <Point>
        <coordinates>18.5846403,54.3834149,0</coordinates>
      </Point>
    </Placemark>
    <Placemark>
      <name>Gdańsk, Cieszyńskiego</name>
      <description><![CDATA[<b>Data wybudowania:</b> 1988<br><b>Uwagi:</b> Brak uwag]]></description>
      <Point>
        <coordinates>18.615937090068208,54.336002,0</coordinates>
      </Point>
    </Placemark>
    <Placemark>
      <name>Gdańsk, Cieszyńskiego</name>
      <description><![CDATA[<b>Data wybudowania:</b> 1994<br><b>Uwagi:</b> Szczepan Baum, Kościół św. Urszuli Ledóchowskiej]]></description>
      <Point>
        <coordinates>18.614091,54.337360,0</coordinates>
      </Point>
    </Placemark>
    <Placemark>
      <name>Gdańsk, Cieszyńskiego 14</name>
      <description><![CDATA[<b>Data wybudowania:</b> 1986<br><b>Uwagi:</b> Brak uwag]]></description>
      <Point>
        <coordinates>18.607523783114445,54.337395650000005,0</coordinates>
      </Point>
    </Placemark>
    <Placemark>
      <name>Gdańsk, Czarny Dwór 6</name>
      <description><![CDATA[<b>Data wybudowania:</b> 2011<br><b>Uwagi:</b> Brak uwag]]></description>
      <Point>
        <coordinates>18.6093959,54.4084733,0</coordinates>
      </Point>
    </Placemark>
    <Placemark>
      <name>Gdańsk, Czyżewskiego 26</name>
      <description><![CDATA[<b>Data wybudowania:</b> 1907<br><b>Uwagi:</b> Brak uwag]]></description>
      <Point>
        <coordinates>18.559599,54.418720,0</coordinates>
      </Point>
    </Placemark>
    <Placemark>
      <name>Gdańsk, De Gaulla 4</name>
      <description><![CDATA[<b>Data wybudowania:</b> 1903<br><b>Uwagi:</b> Brak uwag]]></description>
      <Point>
        <coordinates>18.600580,54.379257,0</coordinates>
      </Point>
    </Placemark>
    <Placemark>
      <name>Gdańsk, Dekerta 5</name>
      <description><![CDATA[<b>Data wybudowania:</b> 1911<br><b>Uwagi:</b> Brak uwag]]></description>
      <Point>
        <coordinates>18.597956376247893,54.3810511,0</coordinates>
      </Point>
    </Placemark>
    <Placemark>
      <name>Gdańsk, Derdowskiego 27</name>
      <description><![CDATA[<b>Data wybudowania:</b> 1936<br><b>Uwagi:</b> Brak uwag]]></description>
      <Point>
        <coordinates>18.562665,54.405000,0</coordinates>
      </Point>
    </Placemark>
    <Placemark>
      <name>Gdańsk, Dębinki 7</name>
      <description><![CDATA[<b>Data wybudowania:</b> 1911<br><b>Uwagi:</b> gmach główny]]></description>
      <Point>
        <coordinates>18.6226591653108,54.3657728,0</coordinates>
      </Point>
    </Placemark>
    <Placemark>
      <name>Gdańsk, Długa 13/15</name>
      <description><![CDATA[<b>Data wybudowania:</b> 1953<br><b>Uwagi:</b> Brak uwag]]></description>
      <Point>
        <coordinates>18.649453,54.349254,0</coordinates>
      </Point>
    </Placemark>
    <Placemark>
      <name>Gdańsk, Długa 45</name>
      <description><![CDATA[<b>Data wybudowania:</b> 1560<br><b>Uwagi:</b> Brak uwag]]></description>
      <Point>
        <coordinates>18.65266113781863,54.348504750000004,0</coordinates>
      </Point>
    </Placemark>
    <Placemark>
      <name>Gdańsk, Długa 67</name>
      <description><![CDATA[<b>Data wybudowania:</b> 1953<br><b>Uwagi:</b> Brak uwag]]></description>
      <Point>
        <coordinates>18.650255,54.349370,0</coordinates>
      </Point>
    </Placemark>
    <Placemark>
      <name>Gdańsk, Długa 75</name>
      <description><![CDATA[<b>Data wybudowania:</b> 1904<br><b>Uwagi:</b> Brak uwag]]></description>
      <Point>
        <coordinates>18.649415,54.349509,0</coordinates>
      </Point>
    </Placemark>
    <Placemark>
      <name>Gdańsk, Długi Targ 22/23</name>
      <description><![CDATA[<b>Data wybudowania:</b> 1954<br><b>Uwagi:</b> Brak uwag]]></description>
      <Point>
        <coordinates>18.655051,54.347913,0</coordinates>
      </Point>
    </Placemark>
    <Placemark>
      <name>Gdańsk, Długi Targ 41/42</name>
      <description><![CDATA[<b>Data wybudowania:</b> 1609<br><b>Uwagi:</b> Brak uwag]]></description>
      <Point>
        <coordinates>18.653805547770553,54.348667199999994,0</coordinates>
      </Point>
    </Placemark>
    <Placemark>
      <name>Gdańsk, Długie Ogrody 11D</name>
      <description><![CDATA[<b>Data wybudowania:</b> 1962<br><b>Uwagi:</b> Brak uwag]]></description>
      <Point>
        <coordinates>18.6622352,54.3477393,0</coordinates>
      </Point>
    </Placemark>
    <Placemark>
      <name>Gdańsk, Długie Ogrody 19</name>
      <description><![CDATA[<b>Data wybudowania:</b> 1387<br><b>Uwagi:</b> Brak uwag]]></description>
      <Point>
        <coordinates>18.663833996,54.347978499999996,0</coordinates>
      </Point>
    </Placemark>
    <Placemark>
      <name>Gdańsk, Dolne Migowo 23c</name>
      <description><![CDATA[<b>Data wybudowania:</b> 2023<br><b>Uwagi:</b> na oko 2024 bo rok później widać jeszcze remonty]]></description>
      <Point>
        <coordinates>18.571572,54.363787,0</coordinates>
      </Point>
    </Placemark>
    <Placemark>
      <name>Gdańsk, Dragana</name>
      <description><![CDATA[<b>Data wybudowania:</b> 1982<br><b>Uwagi:</b> Brak uwag]]></description>
      <Point>
        <coordinates>18.61142711814926,54.340092150000004,0</coordinates>
      </Point>
    </Placemark>
    <Placemark>
      <name>Gdańsk, Dragana 2</name>
      <description><![CDATA[<b>Data wybudowania:</b> 1993<br><b>Uwagi:</b> Brak uwag]]></description>
      <Point>
        <coordinates>18.60782115826798,54.339286200000004,0</coordinates>
      </Point>
    </Placemark>
    <Placemark>
      <name>Gdańsk, Dragana 3</name>
      <description><![CDATA[<b>Data wybudowania:</b> 1984<br><b>Uwagi:</b> Brak uwag]]></description>
      <Point>
        <coordinates>18.609567659002895,54.340019549999994,0</coordinates>
      </Point>
    </Placemark>
    <Placemark>
      <name>Gdańsk, Droszyńskiego 24</name>
      <description><![CDATA[<b>Data wybudowania:</b> 2022<br><b>Uwagi:</b> Brak uwag]]></description>
      <Point>
        <coordinates>18.573593092323044,54.4087465,0</coordinates>
      </Point>
    </Placemark>
    <Placemark>
      <name>Gdańsk, Droszyńskiego 3</name>
      <description><![CDATA[<b>Data wybudowania:</b> 1925<br><b>Uwagi:</b> Brak uwag]]></description>
      <Point>
        <coordinates>18.573461,54.410972,0</coordinates>
      </Point>
    </Placemark>
    <Placemark>
      <name>Gdańsk, Droszyńskiego 30</name>
      <description><![CDATA[<b>Data wybudowania:</b> 1913<br><b>Uwagi:</b> Brak uwag]]></description>
      <Point>
        <coordinates>18.572956,54.410752,0</coordinates>
      </Point>
    </Placemark>
    <Placemark>
      <name>Gdańsk, Droszyńskiego 4</name>
      <description><![CDATA[<b>Data wybudowania:</b> 1913<br><b>Uwagi:</b> Brak uwag]]></description>
      <Point>
        <coordinates>18.573573,54.410763,0</coordinates>
      </Point>
    </Placemark>
    <Placemark>
      <name>Gdańsk, Droszyńskiego 5</name>
      <description><![CDATA[<b>Data wybudowania:</b> 1962<br><b>Uwagi:</b> Brak uwag]]></description>
      <Point>
        <coordinates>18.573729,54.410341,0</coordinates>
      </Point>
    </Placemark>
    <Placemark>
      <name>Gdańsk, Drożyny 6</name>
      <description><![CDATA[<b>Data wybudowania:</b> 2002<br><b>Uwagi:</b> Brak uwag]]></description>
      <Point>
        <coordinates>18.57552727464889,54.3900181,0</coordinates>
      </Point>
    </Placemark>
    <Placemark>
      <name>Gdańsk, Drzewieckiego 8</name>
      <description><![CDATA[<b>Data wybudowania:</b> 2009<br><b>Uwagi:</b> to jest data produkcji windy w budynku]]></description>
      <Point>
        <coordinates>18.61115886581228,54.3928375,0</coordinates>
      </Point>
    </Placemark>
    <Placemark>
      <name>Gdańsk, Dworska</name>
      <description><![CDATA[<b>Data wybudowania:</b> 1965<br><b>Uwagi:</b> Brak uwag]]></description>
      <Point>
        <coordinates>18.627695,54.402712,0</coordinates>
      </Point>
    </Placemark>
    <Placemark>
      <name>Gdańsk, Dyrekcyjna 2-4</name>
      <description><![CDATA[<b>Data wybudowania:</b> 1914<br><b>Uwagi:</b> Brak uwag]]></description>
      <Point>
        <coordinates>18.64589870470852,54.359424450000006,0</coordinates>
      </Point>
    </Placemark>
    <Placemark>
      <name>Gdańsk, Dywizjonu 1a</name>
      <description><![CDATA[<b>Data wybudowania:</b> 2018<br><b>Uwagi:</b> Brak uwag]]></description>
      <Point>
        <coordinates>18.598534,54.388591,0</coordinates>
      </Point>
    </Placemark>
    <Placemark>
      <name>Gdańsk, Edwarda Stachury 4</name>
      <description><![CDATA[<b>Data wybudowania:</b> 2019<br><b>Uwagi:</b> Brak uwag]]></description>
      <Point>
        <coordinates>18.58811554532825,54.38249715,0</coordinates>
      </Point>
    </Placemark>
    <Placemark>
      <name>Gdańsk, Elżbietańska 2</name>
      <description><![CDATA[<b>Data wybudowania:</b> 1965<br><b>Uwagi:</b> dawny biurowiec Miastoprojektu, proj. Wacław Tomaszewski; ale arch. Szczepan Baum (1965 / 1966?). Też podawany 1949]]></description>
      <Point>
        <coordinates>18.646811,54.353696,0</coordinates>
      </Point>
    </Placemark>
    <Placemark>
      <name>Gdańsk, Emilii Hoene 6</name>
      <description><![CDATA[<b>Data wybudowania:</b> 1996<br><b>Uwagi:</b> szkoła, 96- lewe skrzydło ze świetlicą]]></description>
      <Point>
        <coordinates>18.62539361668479,54.326912,0</coordinates>
      </Point>
    </Placemark>
    <Placemark>
      <name>Gdańsk, Europejskie Centrum Solidarności</name>
      <description><![CDATA[<b>Data wybudowania:</b> 2014<br><b>Uwagi:</b> Brak uwag]]></description>
      <Point>
        <coordinates>18.64941889584214,54.3613609,0</coordinates>
      </Point>
    </Placemark>
    <Placemark>
      <name>Gdańsk, Ferdynanda Magellana 4</name>
      <description><![CDATA[<b>Data wybudowania:</b> 2023<br><b>Uwagi:</b> Brak uwag]]></description>
      <Point>
        <coordinates>18.582933638806047,54.36571045,0</coordinates>
      </Point>
    </Placemark>
    <Placemark>
      <name>Gdańsk, Filharmonia Bałtycka</name>
      <description><![CDATA[<b>Data wybudowania:</b> 1898<br><b>Uwagi:</b> 1997 przebudowa z elektrociepłowni]]></description>
      <Point>
        <coordinates>18.659779,54.352544,0</coordinates>
      </Point>
    </Placemark>
    <Placemark>
      <name>gdańsk, Fiszera 14</name>
      <description><![CDATA[<b>Data wybudowania:</b> 1971<br><b>Uwagi:</b> sgraffito Kazimierza Ostrowskiego]]></description>
      <Point>
        <coordinates>18.615149402521208,54.3727259,0</coordinates>
      </Point>
    </Placemark>
    <Placemark>
      <name>Gdańsk, Fontanna Neptuna</name>
      <description><![CDATA[<b>Data wybudowania:</b> 1633<br><b>Uwagi:</b> Brak uwag]]></description>
      <Point>
        <coordinates>18.653228046143376,54.34854635,0</coordinates>
      </Point>
    </Placemark>
    <Placemark>
      <name>Gdańsk, Galeria Morena ul. Rakoczego</name>
      <description><![CDATA[<b>Data wybudowania:</b> 2002<br><b>Uwagi:</b> 2016 rozbudowa i przebudowa]]></description>
      <Point>
        <coordinates>18.592687,54.352723,0</coordinates>
      </Point>
    </Placemark>
    <Placemark>
      <name>Gdańsk, Galeria Przymorze</name>
      <description><![CDATA[<b>Data wybudowania:</b> 2009<br><b>Uwagi:</b> Brak uwag]]></description>
      <Point>
        <coordinates>18.591813502113,54.4098101,0</coordinates>
      </Point>
    </Placemark>
    <Placemark>
      <name>Gdańsk, Gdańska</name>
      <description><![CDATA[<b>Data wybudowania:</b> 1966<br><b>Uwagi:</b> 1962-1966]]></description>
      <Point>
        <coordinates>18.636702,54.405596,0</coordinates>
      </Point>
    </Placemark>
    <Placemark>
      <name>Gdańsk, Gdańska 32</name>
      <description><![CDATA[<b>Data wybudowania:</b> 1902<br><b>Uwagi:</b> początek XX wieku!]]></description>
      <Point>
        <coordinates>18.62749434797402,54.40037785,0</coordinates>
      </Point>
    </Placemark>
    <Placemark>
      <name>Gdańsk, Gdyńska 5F</name>
      <description><![CDATA[<b>Data wybudowania:</b> 1975<br><b>Uwagi:</b> 1974 w klatce C (winda)]]></description>
      <Point>
        <coordinates>18.576816799999996,54.4211918,0</coordinates>
      </Point>
    </Placemark>
    <Placemark>
      <name>Gdańsk, Gdyńska 7</name>
      <description><![CDATA[<b>Data wybudowania:</b> 1975<br><b>Uwagi:</b> Brak uwag]]></description>
      <Point>
        <coordinates>18.575934,54.420771,0</coordinates>
      </Point>
    </Placemark>
    <Placemark>
      <name>Gdańsk, Goplańska</name>
      <description><![CDATA[<b>Data wybudowania:</b> 2005<br><b>Uwagi:</b> nowy kościół]]></description>
      <Point>
        <coordinates>18.515916,54.353367,0</coordinates>
      </Point>
    </Placemark>
    <Placemark>
      <name>Gdańsk, Gospody 8</name>
      <description><![CDATA[<b>Data wybudowania:</b> 1975<br><b>Uwagi:</b> Brak uwag]]></description>
      <Point>
        <coordinates>18.580194822369624,54.42159275,0</coordinates>
      </Point>
    </Placemark>
    <Placemark>
      <name>Gdańsk, Goszczyńskiego od 10 do 30</name>
      <description><![CDATA[<b>Data wybudowania:</b> 2013<br><b>Uwagi:</b> Brak uwag]]></description>
      <Point>
        <coordinates>18.612911,54.352657,0</coordinates>
      </Point>
    </Placemark>
    <Placemark>
      <name>Gdańsk, Gościnna 10</name>
      <description><![CDATA[<b>Data wybudowania:</b> 1801<br><b>Uwagi:</b> Brak uwag]]></description>
      <Point>
        <coordinates>18.63268549974424,54.32274185,0</coordinates>
      </Point>
    </Placemark>
    <Placemark>
      <name>Gdańsk, Gościnna 15</name>
      <description><![CDATA[<b>Data wybudowania:</b> Brak danych<br><b>Uwagi:</b> K.F.Schinkl ; I poł. XIX wieku]]></description>
      <Point>
        <coordinates>18.632893808175666,54.323112800000004,0</coordinates>
      </Point>
    </Placemark>
    <Placemark>
      <name>Gdańsk, Góralska 12</name>
      <description><![CDATA[<b>Data wybudowania:</b> 1991<br><b>Uwagi:</b> Brak uwag]]></description>
      <Point>
        <coordinates>18.566429647368423,54.3782961,0</coordinates>
      </Point>
    </Placemark>
    <Placemark>
      <name>Gdańsk, Góralska 51</name>
      <description><![CDATA[<b>Data wybudowania:</b> 1988<br><b>Uwagi:</b> Brak uwag]]></description>
      <Point>
        <coordinates>18.5589522,54.3795877,0</coordinates>
      </Point>
    </Placemark>
    <Placemark>
      <name>Gdańsk, Góralska 61</name>
      <description><![CDATA[<b>Data wybudowania:</b> 1989<br><b>Uwagi:</b> Brak uwag]]></description>
      <Point>
        <coordinates>18.55862015196807,54.37855925,0</coordinates>
      </Point>
    </Placemark>
    <Placemark>
      <name>Gdańsk, Góralska 65</name>
      <description><![CDATA[<b>Data wybudowania:</b> 1988<br><b>Uwagi:</b> Brak uwag]]></description>
      <Point>
        <coordinates>18.55799657805469,54.37953515,0</coordinates>
      </Point>
    </Placemark>
    <Placemark>
      <name>Gdańsk, Górskiego 6</name>
      <description><![CDATA[<b>Data wybudowania:</b> 2021<br><b>Uwagi:</b> Brak uwag]]></description>
      <Point>
        <coordinates>18.563633,54.420640,0</coordinates>
      </Point>
    </Placemark>
    <Placemark>
      <name>Gdańsk, Grabowskiego</name>
      <description><![CDATA[<b>Data wybudowania:</b> 1985<br><b>Uwagi:</b> Brak uwag]]></description>
      <Point>
        <coordinates>18.6209568,54.3415877,0</coordinates>
      </Point>
    </Placemark>
    <Placemark>
      <name>Gdańsk, Grabowskiego 9-11</name>
      <description><![CDATA[<b>Data wybudowania:</b> 1980<br><b>Uwagi:</b> Brak uwag]]></description>
      <Point>
        <coordinates>18.623012846864167,54.33884341260208,0</coordinates>
      </Point>
    </Placemark>
    <Placemark>
      <name>Gdańsk, Grobla I 13D</name>
      <description><![CDATA[<b>Data wybudowania:</b> 1965<br><b>Uwagi:</b> wtedy renowacja]]></description>
      <Point>
        <coordinates>18.653943,54.350593,0</coordinates>
      </Point>
    </Placemark>
    <Placemark>
      <name>Gdańsk, Grobla II 12</name>
      <description><![CDATA[<b>Data wybudowania:</b> 1651<br><b>Uwagi:</b> Brak uwag]]></description>
      <Point>
        <coordinates>18.654243,54.351600,0</coordinates>
      </Point>
    </Placemark>
    <Placemark>
      <name>Gdańsk, Grottgera 15 - Atrium Oliwa</name>
      <description><![CDATA[<b>Data wybudowania:</b> 2023<br><b>Uwagi:</b> Brak uwag]]></description>
      <Point>
        <coordinates>18.565205,54.399245,0</coordinates>
      </Point>
    </Placemark>
    <Placemark>
      <name>Gdańsk, Grottgera 25</name>
      <description><![CDATA[<b>Data wybudowania:</b> 1942<br><b>Uwagi:</b> arch. Victor Zirkwitz]]></description>
      <Point>
        <coordinates>18.563182,54.402389,0</coordinates>
      </Point>
    </Placemark>
    <Placemark>
      <name>Gdańsk, Grottgera 26</name>
      <description><![CDATA[<b>Data wybudowania:</b> 1916<br><b>Uwagi:</b> Brak uwag]]></description>
      <Point>
        <coordinates>18.562635,54.403199,0</coordinates>
      </Point>
    </Placemark>
    <Placemark>
      <name>Gdańsk, Grottgera 32</name>
      <description><![CDATA[<b>Data wybudowania:</b> 1974<br><b>Uwagi:</b> Brak uwag]]></description>
      <Point>
        <coordinates>18.562037,54.403398,0</coordinates>
      </Point>
    </Placemark>
    <Placemark>
      <name>Gdańsk, Grottgera 8</name>
      <description><![CDATA[<b>Data wybudowania:</b> 1924<br><b>Uwagi:</b> Brak uwag]]></description>
      <Point>
        <coordinates>18.564408,54.401542,0</coordinates>
      </Point>
    </Placemark>
    <Placemark>
      <name>Gdańsk, Grunwaldzka</name>
      <description><![CDATA[<b>Data wybudowania:</b> 1949<br><b>Uwagi:</b> Dom Książki arch. Wacław Tomaszewski]]></description>
      <Point>
        <coordinates>18.614195,54.376214,0</coordinates>
      </Point>
    </Placemark>
    <Placemark>
      <name>Gdańsk, Grunwaldzka 92-98, Olimp</name>
      <description><![CDATA[<b>Data wybudowania:</b> 1969<br><b>Uwagi:</b> Stanisław Michel]]></description>
      <Point>
        <coordinates>18.606374,54.377976,0</coordinates>
      </Point>
    </Placemark>
    <Placemark>
      <name>Gdańsk, Grunwaldzka 103A</name>
      <description><![CDATA[<b>Data wybudowania:</b> 2014<br><b>Uwagi:</b> Brak uwag]]></description>
      <Point>
        <coordinates>18.605201581399875,54.3795789,0</coordinates>
      </Point>
    </Placemark>
    <Placemark>
      <name>Gdańsk, Grunwaldzka 105</name>
      <description><![CDATA[<b>Data wybudowania:</b> 1961<br><b>Uwagi:</b> Witold Wierzbicki]]></description>
      <Point>
        <coordinates>18.604845371219977,54.3798621,0</coordinates>
      </Point>
    </Placemark>
    <Placemark>
      <name>Gdańsk, Grunwaldzka 136</name>
      <description><![CDATA[<b>Data wybudowania:</b> 1900<br><b>Uwagi:</b> róg Jesionowej (wiatrowskaz)]]></description>
      <Point>
        <coordinates>18.600068,54.380974,0</coordinates>
      </Point>
    </Placemark>
    <Placemark>
      <name>Gdańsk, Grunwaldzka 141</name>
      <description><![CDATA[<b>Data wybudowania:</b> 2007<br><b>Uwagi:</b> Szczepan Baum z Jackiem Droszczem, Zbigniewem Kowalskim i Andrzejem Kwiecińskim]]></description>
      <Point>
        <coordinates>18.600695874373933,54.3826251,0</coordinates>
      </Point>
    </Placemark>
    <Placemark>
      <name>Gdańsk, Grunwaldzka 18</name>
      <description><![CDATA[<b>Data wybudowania:</b> 1886<br><b>Uwagi:</b> Brak uwag]]></description>
      <Point>
        <coordinates>18.617466014261556,54.37496255,0</coordinates>
      </Point>
    </Placemark>
    <Placemark>
      <name>Gdańsk, Grunwaldzka 184</name>
      <description><![CDATA[<b>Data wybudowania:</b> 1903<br><b>Uwagi:</b> 1903/2008]]></description>
      <Point>
        <coordinates>18.593460387370584,54.38523615,0</coordinates>
      </Point>
    </Placemark>
    <Placemark>
      <name>Gdańsk, Grunwaldzka 186</name>
      <description><![CDATA[<b>Data wybudowania:</b> 1903<br><b>Uwagi:</b> 1903/2009]]></description>
      <Point>
        <coordinates>18.592556324627797,54.384795499999996,0</coordinates>
      </Point>
    </Placemark>
    <Placemark>
      <name>Gdańsk, Grunwaldzka 203</name>
      <description><![CDATA[<b>Data wybudowania:</b> 1892<br><b>Uwagi:</b> Brak uwag]]></description>
      <Point>
        <coordinates>18.5912695316778,54.3875609,0</coordinates>
      </Point>
    </Placemark>
    <Placemark>
      <name>Gdańsk, Grunwaldzka 343</name>
      <description><![CDATA[<b>Data wybudowania:</b> 2020<br><b>Uwagi:</b> Brak uwag]]></description>
      <Point>
        <coordinates>18.578703185895563,54.39700955,0</coordinates>
      </Point>
    </Placemark>
    <Placemark>
      <name>Gdańsk, Grunwaldzka 409</name>
      <description><![CDATA[<b>Data wybudowania:</b> 2015<br><b>Uwagi:</b> Brak uwag]]></description>
      <Point>
        <coordinates>18.5769283,54.3984839,0</coordinates>
      </Point>
    </Placemark>
    <Placemark>
      <name>Gdańsk, Grunwaldzka 411</name>
      <description><![CDATA[<b>Data wybudowania:</b> 2013<br><b>Uwagi:</b> Brak uwag]]></description>
      <Point>
        <coordinates>18.577001292817933,54.39893325,0</coordinates>
      </Point>
    </Placemark>
    <Placemark>
      <name>Gdańsk, Grunwaldzka 415</name>
      <description><![CDATA[<b>Data wybudowania:</b> 2017<br><b>Uwagi:</b> Brak uwag]]></description>
      <Point>
        <coordinates>18.575419847633583,54.400618,0</coordinates>
      </Point>
    </Placemark>
    <Placemark>
      <name>Gdańsk, Grunwaldzka 470</name>
      <description><![CDATA[<b>Data wybudowania:</b> 1972<br><b>Uwagi:</b> Maciej Gintowt]]></description>
      <Point>
        <coordinates>18.5718893538778,54.40142935,0</coordinates>
      </Point>
    </Placemark>
    <Placemark>
      <name>Gdańsk, Grunwaldzka 472, Olivia Gate</name>
      <description><![CDATA[<b>Data wybudowania:</b> 2011<br><b>Uwagi:</b> Brak uwag]]></description>
      <Point>
        <coordinates>18.571804117705646,54.40281275,0</coordinates>
      </Point>
    </Placemark>
    <Placemark>
      <name>Gdańsk, Grunwaldzka 472A, Olivia Point</name>
      <description><![CDATA[<b>Data wybudowania:</b> 2012<br><b>Uwagi:</b> Brak uwag]]></description>
      <Point>
        <coordinates>18.570399845281997,54.40239475,0</coordinates>
      </Point>
    </Placemark>
    <Placemark>
      <name>Gdańsk, Grunwaldzka 472B</name>
      <description><![CDATA[<b>Data wybudowania:</b> 2014<br><b>Uwagi:</b> Olivia Tower]]></description>
      <Point>
        <coordinates>18.569827224164744,54.4031938,0</coordinates>
      </Point>
    </Placemark>
    <Placemark>
      <name>Gdańsk, Grunwaldzka 472C</name>
      <description><![CDATA[<b>Data wybudowania:</b> 2018<br><b>Uwagi:</b> Olivia Star]]></description>
      <Point>
        <coordinates>18.57061924988716,54.4034199,0</coordinates>
      </Point>
    </Placemark>
    <Placemark>
      <name>Gdańsk, Grunwaldzka 472D</name>
      <description><![CDATA[<b>Data wybudowania:</b> 2015<br><b>Uwagi:</b> Olivia Six]]></description>
      <Point>
        <coordinates>18.571365869555517,54.4035584,0</coordinates>
      </Point>
    </Placemark>
    <Placemark>
      <name>Gdańsk, Grunwaldzka 472E</name>
      <description><![CDATA[<b>Data wybudowania:</b> 2018<br><b>Uwagi:</b> Olivia Prime A]]></description>
      <Point>
        <coordinates>18.57092229404521,54.40415495,0</coordinates>
      </Point>
    </Placemark>
    <Placemark>
      <name>Gdańsk, Grunwaldzka 472F</name>
      <description><![CDATA[<b>Data wybudowania:</b> 2020<br><b>Uwagi:</b> Olivia Prime B]]></description>
      <Point>
        <coordinates>18.570237615530843,54.403925,0</coordinates>
      </Point>
    </Placemark>
    <Placemark>
      <name>Gdańsk, Grunwaldzka 476</name>
      <description><![CDATA[<b>Data wybudowania:</b> 1962<br><b>Uwagi:</b> Brak uwag]]></description>
      <Point>
        <coordinates>18.56965104280203,54.4052015,0</coordinates>
      </Point>
    </Placemark>
    <Placemark>
      <name>Gdańsk, Grunwaldzka 478</name>
      <description><![CDATA[<b>Data wybudowania:</b> 1962<br><b>Uwagi:</b> Brak uwag]]></description>
      <Point>
        <coordinates>18.57026157204985,54.40548675,0</coordinates>
      </Point>
    </Placemark>
    <Placemark>
      <name>Gdańsk, Grunwaldzka 480</name>
      <description><![CDATA[<b>Data wybudowania:</b> 1962<br><b>Uwagi:</b> Brak uwag]]></description>
      <Point>
        <coordinates>18.569961319789947,54.40594685,0</coordinates>
      </Point>
    </Placemark>
    <Placemark>
      <name>Gdańsk, Grunwaldzka 505</name>
      <description><![CDATA[<b>Data wybudowania:</b> 2017<br><b>Uwagi:</b> Brak uwag]]></description>
      <Point>
        <coordinates>18.568565272137477,54.40952125,0</coordinates>
      </Point>
    </Placemark>
    <Placemark>
      <name>Gdańsk, Grunwaldzka 516</name>
      <description><![CDATA[<b>Data wybudowania:</b> 1900<br><b>Uwagi:</b> Brak uwag]]></description>
      <Point>
        <coordinates>18.566012389179107,54.4113539,0</coordinates>
      </Point>
    </Placemark>
    <Placemark>
      <name>Gdańsk, GRunwaldzka 519</name>
      <description><![CDATA[<b>Data wybudowania:</b> 1899<br><b>Uwagi:</b> Brak uwag]]></description>
      <Point>
        <coordinates>18.56755017347758,54.41053625,0</coordinates>
      </Point>
    </Placemark>
    <Placemark>
      <name>Gdańsk, Grunwaldzka 529</name>
      <description><![CDATA[<b>Data wybudowania:</b> 1910<br><b>Uwagi:</b> Brak uwag]]></description>
      <Point>
        <coordinates>18.56781956484857,54.412134449999996,0</coordinates>
      </Point>
    </Placemark>
    <Placemark>
      <name>Gdańsk, Grunwaldzka 565</name>
      <description><![CDATA[<b>Data wybudowania:</b> 1915<br><b>Uwagi:</b> Brak uwag]]></description>
      <Point>
        <coordinates>18.566133,54.417456,0</coordinates>
      </Point>
    </Placemark>
    <Placemark>
      <name>Gdańsk, Grunwaldzka 567</name>
      <description><![CDATA[<b>Data wybudowania:</b> 1915<br><b>Uwagi:</b> około]]></description>
      <Point>
        <coordinates>18.566133,54.417662,0</coordinates>
      </Point>
    </Placemark>
    <Placemark>
      <name>Gdańsk, Grunwaldzka 573</name>
      <description><![CDATA[<b>Data wybudowania:</b> 1969<br><b>Uwagi:</b> Brak uwag]]></description>
      <Point>
        <coordinates>18.565917153956036,54.418966850000004,0</coordinates>
      </Point>
    </Placemark>
    <Placemark>
      <name>Gdańsk, Grunwaldzka 575</name>
      <description><![CDATA[<b>Data wybudowania:</b> 1965<br><b>Uwagi:</b> 1964-1965]]></description>
      <Point>
        <coordinates>18.566476,54.418923,0</coordinates>
      </Point>
    </Placemark>
    <Placemark>
      <name>Gdańsk, Grunwaldzka 577</name>
      <description><![CDATA[<b>Data wybudowania:</b> 1965<br><b>Uwagi:</b> 1964-1965]]></description>
      <Point>
        <coordinates>18.566433,54.419266,0</coordinates>
      </Point>
    </Placemark>
    <Placemark>
      <name>Gdańsk, Grunwaldzka 579</name>
      <description><![CDATA[<b>Data wybudowania:</b> 1968<br><b>Uwagi:</b> Brak uwag]]></description>
      <Point>
        <coordinates>18.56581570156422,54.41939765,0</coordinates>
      </Point>
    </Placemark>
    <Placemark>
      <name>Gdańsk, Grunwaldzka 581</name>
      <description><![CDATA[<b>Data wybudowania:</b> 1965<br><b>Uwagi:</b> 1964-1965]]></description>
      <Point>
        <coordinates>18.566358,54.419672,0</coordinates>
      </Point>
    </Placemark>
    <Placemark>
      <name>Gdańsk, Grunwaldzka 583</name>
      <description><![CDATA[<b>Data wybudowania:</b> 1969<br><b>Uwagi:</b> Brak uwag]]></description>
      <Point>
        <coordinates>18.56571247796125,54.41982845,0</coordinates>
      </Point>
    </Placemark>
    <Placemark>
      <name>Gdańsk, Grunwaldzka 584</name>
      <description><![CDATA[<b>Data wybudowania:</b> 1899<br><b>Uwagi:</b> Brak uwag]]></description>
      <Point>
        <coordinates>18.565014,54.419062,0</coordinates>
      </Point>
    </Placemark>
    <Placemark>
      <name>Gdańsk, Grunwaldzka 585</name>
      <description><![CDATA[<b>Data wybudowania:</b> 1965<br><b>Uwagi:</b> 1964-1965]]></description>
      <Point>
        <coordinates>18.566219,54.420009,0</coordinates>
      </Point>
    </Placemark>
    <Placemark>
      <name>Gdańsk, Grunwaldzka 593</name>
      <description><![CDATA[<b>Data wybudowania:</b> 1971<br><b>Uwagi:</b> Brak uwag]]></description>
      <Point>
        <coordinates>18.565682,54.420796,0</coordinates>
      </Point>
    </Placemark>
    <Placemark>
      <name>Gdańsk, Grunwaldzka 607</name>
      <description><![CDATA[<b>Data wybudowania:</b> 1975<br><b>Uwagi:</b> Brak uwag]]></description>
      <Point>
        <coordinates>18.565511,54.422618,0</coordinates>
      </Point>
    </Placemark>
    <Placemark>
      <name>Gdańsk, Grunwaldzka 609</name>
      <description><![CDATA[<b>Data wybudowania:</b> 1975<br><b>Uwagi:</b> Brak uwag]]></description>
      <Point>
        <coordinates>18.566476,54.422907,0</coordinates>
      </Point>
    </Placemark>
    <Placemark>
      <name>Gdańsk, Grunwaldzka 82</name>
      <description><![CDATA[<b>Data wybudowania:</b> 2004<br><b>Uwagi:</b> Brak uwag]]></description>
      <Point>
        <coordinates>18.607099478047303,54.377224299999995,0</coordinates>
      </Point>
    </Placemark>
    <Placemark>
      <name>Gdańsk, Grunwaldzka 82</name>
      <description><![CDATA[<b>Data wybudowania:</b> 2004<br><b>Uwagi:</b> Brak uwag]]></description>
      <Point>
        <coordinates>18.607099478047303,54.377224299999995,0</coordinates>
      </Point>
    </Placemark>
    <Placemark>
      <name>Gdańsk, Hala Widowiskowo-Sportowa AWFiS</name>
      <description><![CDATA[<b>Data wybudowania:</b> 1998<br><b>Uwagi:</b> Brak uwag]]></description>
      <Point>
        <coordinates>18.563388846450408,54.416923749999995,0</coordinates>
      </Point>
    </Placemark>
    <Placemark>
      <name>Gdańsk, Hallera 132</name>
      <description><![CDATA[<b>Data wybudowania:</b> 2019<br><b>Uwagi:</b> Brak uwag]]></description>
      <Point>
        <coordinates>18.620426,54.393479,0</coordinates>
      </Point>
    </Placemark>
    <Placemark>
      <name>Gdańsk, Hallera 134</name>
      <description><![CDATA[<b>Data wybudowania:</b> 2019<br><b>Uwagi:</b> Brak uwag]]></description>
      <Point>
        <coordinates>18.621553,54.394323,0</coordinates>
      </Point>
    </Placemark>
    <Placemark>
      <name>Gdańsk, Hallera 165</name>
      <description><![CDATA[<b>Data wybudowania:</b> 2010<br><b>Uwagi:</b> Brak uwag]]></description>
      <Point>
        <coordinates>18.623371939099737,54.388083800000004,0</coordinates>
      </Point>
    </Placemark>
    <Placemark>
      <name>Gdańsk, Hausbrandta 28</name>
      <description><![CDATA[<b>Data wybudowania:</b> 2017<br><b>Uwagi:</b> Brak uwag]]></description>
      <Point>
        <coordinates>18.585176,54.348696,0</coordinates>
      </Point>
    </Placemark>
    <Placemark>
      <name>Gdańsk, Hemara 11</name>
      <description><![CDATA[<b>Data wybudowania:</b> 2022<br><b>Uwagi:</b> Brak uwag]]></description>
      <Point>
        <coordinates>18.5904907,54.3825463,0</coordinates>
      </Point>
    </Placemark>
    <Placemark>
      <name>Gdańsk, Hemara 21</name>
      <description><![CDATA[<b>Data wybudowania:</b> 2016<br><b>Uwagi:</b> winda]]></description>
      <Point>
        <coordinates>18.592743,54.383036,0</coordinates>
      </Point>
    </Placemark>
    <Placemark>
      <name>Gdańsk, Hemara 5</name>
      <description><![CDATA[<b>Data wybudowania:</b> 2021<br><b>Uwagi:</b> Brak uwag]]></description>
      <Point>
        <coordinates>18.589878,54.383037,0</coordinates>
      </Point>
    </Placemark>
    <Placemark>
      <name>Gdańsk, Heweliusza 22</name>
      <description><![CDATA[<b>Data wybudowania:</b> 1979<br><b>Uwagi:</b> Szczepan Baum, Andrzej Matoń]]></description>
      <Point>
        <coordinates>18.65154474074074,54.3560993,0</coordinates>
      </Point>
    </Placemark>
    <Placemark>
      <name>Gdańsk, Hokejowa 6</name>
      <description><![CDATA[<b>Data wybudowania:</b> 2019<br><b>Uwagi:</b> Brak uwag]]></description>
      <Point>
        <coordinates>18.591583801745237,54.30935565,0</coordinates>
      </Point>
    </Placemark>
    <Placemark>
      <name>Gdańsk, Hotel Hanza</name>
      <description><![CDATA[<b>Data wybudowania:</b> 1996<br><b>Uwagi:</b> Szczepan Baum, Andrzej Kwieciński]]></description>
      <Point>
        <coordinates>18.657435,54.351203,0</coordinates>
      </Point>
    </Placemark>
    <Placemark>
      <name>Gdańsk, Instytut Informatyki Uniwersytetu Gdańskiego</name>
      <description><![CDATA[<b>Data wybudowania:</b> 2019<br><b>Uwagi:</b> Instytut Informatyki Uniwersytetu Gdańskiego]]></description>
      <Point>
        <coordinates>18.574469,54.394760,0</coordinates>
      </Point>
    </Placemark>
    <Placemark>
      <name>Gdańsk, Jagiellońska 10</name>
      <description><![CDATA[<b>Data wybudowania:</b> 1972<br><b>Uwagi:</b> Brak uwag]]></description>
      <Point>
        <coordinates>18.59502635866337,54.4129791,0</coordinates>
      </Point>
    </Placemark>
    <Placemark>
      <name>Gdańsk, Jagiellońska 13</name>
      <description><![CDATA[<b>Data wybudowania:</b> 2024<br><b>Uwagi:</b> Brak uwag]]></description>
      <Point>
        <coordinates>18.596813243745277,54.41423365,0</coordinates>
      </Point>
    </Placemark>
    <Placemark>
      <name>Gdańsk, Jagiellońska 26D</name>
      <description><![CDATA[<b>Data wybudowania:</b> 1970<br><b>Uwagi:</b> Janusz Morek; 1966-1970]]></description>
      <Point>
        <coordinates>18.59766746453971,54.411498550000005,0</coordinates>
      </Point>
    </Placemark>
    <Placemark>
      <name>Gdańsk, Jagiellońska 28</name>
      <description><![CDATA[<b>Data wybudowania:</b> 1970<br><b>Uwagi:</b> Janusz Morek; 1966-1971]]></description>
      <Point>
        <coordinates>18.59636115853496,54.4117581,0</coordinates>
      </Point>
    </Placemark>
    <Placemark>
      <name>Gdańsk, Jagiellońska 30D</name>
      <description><![CDATA[<b>Data wybudowania:</b> 1970<br><b>Uwagi:</b> Janusz Morek; 1966-1972]]></description>
      <Point>
        <coordinates>18.59730565,54.4123163,0</coordinates>
      </Point>
    </Placemark>
    <Placemark>
      <name>Gdańsk, Jagiellońska 32</name>
      <description><![CDATA[<b>Data wybudowania:</b> 1970<br><b>Uwagi:</b> Janusz Morek; 1966-1973]]></description>
      <Point>
        <coordinates>18.59457464394592,54.4122493,0</coordinates>
      </Point>
    </Placemark>
    <Placemark>
      <name>Gdańsk, Jagiellońska 40</name>
      <description><![CDATA[<b>Data wybudowania:</b> 1970<br><b>Uwagi:</b> Janusz Morek; 1966-1974]]></description>
      <Point>
        <coordinates>18.59843768761523,54.4127058,0</coordinates>
      </Point>
    </Placemark>
    <Placemark>
      <name>Gdańsk, Jagiellońska 42</name>
      <description><![CDATA[<b>Data wybudowania:</b> 1970<br><b>Uwagi:</b> Janusz Morek; 1966-1975]]></description>
      <Point>
        <coordinates>18.59918658311613,54.41245455,0</coordinates>
      </Point>
    </Placemark>
    <Placemark>
      <name>Gdańsk, Jagiellońska 44</name>
      <description><![CDATA[<b>Data wybudowania:</b> 1970<br><b>Uwagi:</b> Janusz Morek; 1966-1976]]></description>
      <Point>
        <coordinates>18.600134919049886,54.4121988,0</coordinates>
      </Point>
    </Placemark>
    <Placemark>
      <name>Gdańsk, Jagiellońska 9</name>
      <description><![CDATA[<b>Data wybudowania:</b> 2002<br><b>Uwagi:</b> Kościół św. Józefa, projekt Antoniego Taraszkiewicza, budowę zakończono 2002/2003]]></description>
      <Point>
        <coordinates>18.593180,54.413601,0</coordinates>
      </Point>
    </Placemark>
    <Placemark>
      <name>Gdańsk, Jana Heweliusza 11</name>
      <description><![CDATA[<b>Data wybudowania:</b> 1980<br><b>Uwagi:</b> Brak uwag]]></description>
      <Point>
        <coordinates>18.649954,54.356452,0</coordinates>
      </Point>
    </Placemark>
    <Placemark>
      <name>Gdańsk, Jana Pawła 1a B-G</name>
      <description><![CDATA[<b>Data wybudowania:</b> 2012-2013<br><b>Uwagi:</b> Przedsiębiorstwo Wdrożeniowo-Projektowe Fort, min. Antoni Taraszkiewicz]]></description>
      <Point>
        <coordinates>18.601731,54.396456,0</coordinates>
      </Point>
    </Placemark>
    <Placemark>
      <name>Gdańsk, Jana Pawła 1a E</name>
      <description><![CDATA[<b>Data wybudowania:</b> 2015<br><b>Uwagi:</b> Przedsiębiorstwo Wdrożeniowo-Projektowe Fort, min. Antoni Taraszkiewicz]]></description>
      <Point>
        <coordinates>18.599467,54.396778,0</coordinates>
      </Point>
    </Placemark>
    <Placemark>
      <name>Gdańsk, Jana Pawła 1a f</name>
      <description><![CDATA[<b>Data wybudowania:</b> 2015<br><b>Uwagi:</b> Przedsiębiorstwo Wdrożeniowo-Projektowe Fort, min. Antoni Taraszkiewicz]]></description>
      <Point>
        <coordinates>18.600202,54.397031,0</coordinates>
      </Point>
    </Placemark>
    <Placemark>
      <name>Gdańsk, Jana Pawła II 3a</name>
      <description><![CDATA[<b>Data wybudowania:</b> 2017<br><b>Uwagi:</b> też 3b,3c,3d]]></description>
      <Point>
        <coordinates>18.60381600545348,54.397114450000004,0</coordinates>
      </Point>
    </Placemark>
    <Placemark>
      <name>Gdańsk, Jana Pawła II 50</name>
      <description><![CDATA[<b>Data wybudowania:</b> 1985<br><b>Uwagi:</b> Brak uwag]]></description>
      <Point>
        <coordinates>18.613473375528557,54.402631150000005,0</coordinates>
      </Point>
    </Placemark>
    <Placemark>
      <name>Gdańsk, Jana z Kolna 11</name>
      <description><![CDATA[<b>Data wybudowania:</b> 2016<br><b>Uwagi:</b> Brak uwag]]></description>
      <Point>
        <coordinates>18.64721110053152,54.36011775,0</coordinates>
      </Point>
    </Placemark>
    <Placemark>
      <name>Gdańsk, Jasia i Małgosi</name>
      <description><![CDATA[<b>Data wybudowania:</b> 1956<br><b>Uwagi:</b> m.in. Andrzej Jagodziński]]></description>
      <Point>
        <coordinates>18.56565522371977,54.3976058266751,0</coordinates>
      </Point>
    </Placemark>
    <Placemark>
      <name>Gdańsk, Jasia i Małgosi 8</name>
      <description><![CDATA[<b>Data wybudowania:</b> 1959<br><b>Uwagi:</b> Brak uwag]]></description>
      <Point>
        <coordinates>18.565462,54.397627,0</coordinates>
      </Point>
    </Placemark>
    <Placemark>
      <name>Gdańsk, Jaskółcza 1</name>
      <description><![CDATA[<b>Data wybudowania:</b> 1908<br><b>Uwagi:</b> dawna łaźnia]]></description>
      <Point>
        <coordinates>18.658047,54.341650,0</coordinates>
      </Point>
    </Placemark>
    <Placemark>
      <name>Gdańsk, Jaśkowa Dolina 17</name>
      <description><![CDATA[<b>Data wybudowania:</b> 1902<br><b>Uwagi:</b> Brak uwag]]></description>
      <Point>
        <coordinates>18.603870641157883,54.374264499999995,0</coordinates>
      </Point>
    </Placemark>
    <Placemark>
      <name>Gdańsk, Jaworzniaków 16</name>
      <description><![CDATA[<b>Data wybudowania:</b> 2014<br><b>Uwagi:</b> arch. Jarosław Swat; numery 16-20]]></description>
      <Point>
        <coordinates>18.570874968030786,54.3175759,0</coordinates>
      </Point>
    </Placemark>
    <Placemark>
      <name>Gdańsk, Jesionowa 14C</name>
      <description><![CDATA[<b>Data wybudowania:</b> 2018<br><b>Uwagi:</b> Brak uwag]]></description>
      <Point>
        <coordinates>18.599862550653384,54.37965255,0</coordinates>
      </Point>
    </Placemark>
    <Placemark>
      <name>Gdańsk, Joachima Lelewela 17</name>
      <description><![CDATA[<b>Data wybudowania:</b> 1985<br><b>Uwagi:</b> Brak uwag]]></description>
      <Point>
        <coordinates>18.614327002407435,54.3829106,0</coordinates>
      </Point>
    </Placemark>
    <Placemark>
      <name>Gdańsk, Juliusz Słowackiego 15</name>
      <description><![CDATA[<b>Data wybudowania:</b> 1906<br><b>Uwagi:</b> 1904 lub 1906]]></description>
      <Point>
        <coordinates>18.591694,54.380946,0</coordinates>
      </Point>
    </Placemark>
    <Placemark>
      <name>Gdańsk, Juliusza Słowackiego 165</name>
      <description><![CDATA[<b>Data wybudowania:</b> 1897<br><b>Uwagi:</b> kapliczka]]></description>
      <Point>
        <coordinates>18.48580306314055,54.3796698,0</coordinates>
      </Point>
    </Placemark>
    <Placemark>
      <name>Gdańsk, Kaczyńskiego 31 Czarny Dwór</name>
      <description><![CDATA[<b>Data wybudowania:</b> 2021<br><b>Uwagi:</b> Tomasz Janiszewski BJK Architkci Gdynia, wcześniej był tu inspektorat PZU]]></description>
      <Point>
        <coordinates>18.605121,54.409999,0</coordinates>
      </Point>
    </Placemark>
    <Placemark>
      <name>Gdańsk, Kadetów, Elewów, Podchorążych</name>
      <description><![CDATA[<b>Data wybudowania:</b> 1986<br><b>Uwagi:</b> 1984 - akt erekcyjny na 40-lecie PRL]]></description>
      <Point>
        <coordinates>18.50518,54.37863,0</coordinates>
      </Point>
    </Placemark>
    <Placemark>
      <name>Gdańsk, Kamienna Grobla 30</name>
      <description><![CDATA[<b>Data wybudowania:</b> 2019<br><b>Uwagi:</b> Brak uwag]]></description>
      <Point>
        <coordinates>18.65679980104823,54.3418121,0</coordinates>
      </Point>
    </Placemark>
    <Placemark>
      <name>Gdańsk, Kapliczna 30</name>
      <description><![CDATA[<b>Data wybudowania:</b> 1976<br><b>Uwagi:</b> Brak uwag]]></description>
      <Point>
        <coordinates>18.597101843522907,54.42279535,0</coordinates>
      </Point>
    </Placemark>
    <Placemark>
      <name>Gdańsk, Kaprów 10</name>
      <description><![CDATA[<b>Data wybudowania:</b> 1954<br><b>Uwagi:</b> Brak uwag]]></description>
      <Point>
        <coordinates>18.564191693552633,54.4069031,0</coordinates>
      </Point>
    </Placemark>
    <Placemark>
      <name>Gdańsk, Kaprów 13</name>
      <description><![CDATA[<b>Data wybudowania:</b> 1902<br><b>Uwagi:</b> Brak uwag]]></description>
      <Point>
        <coordinates>18.565006690789474,54.40764835,0</coordinates>
      </Point>
    </Placemark>
    <Placemark>
      <name>Gdańsk, Kaprów 12</name>
      <description><![CDATA[<b>Data wybudowania:</b> 1960<br><b>Uwagi:</b> wg wpisu na fb]]></description>
      <Point>
        <coordinates>18.564623,54.407523,0</coordinates>
      </Point>
    </Placemark>
    <Placemark>
      <name>Gdańsk, Kaprów 16</name>
      <description><![CDATA[<b>Data wybudowania:</b> 1890<br><b>Uwagi:</b> Brak uwag]]></description>
      <Point>
        <coordinates>18.566156396666667,54.4082659,0</coordinates>
      </Point>
    </Placemark>
    <Placemark>
      <name>Gdańsk, Kaprów 19c</name>
      <description><![CDATA[<b>Data wybudowania:</b> 2006<br><b>Uwagi:</b> Brak uwag]]></description>
      <Point>
        <coordinates>18.567184,54.408966,0</coordinates>
      </Point>
    </Placemark>
    <Placemark>
      <name>Gdańsk, Kaprów 9</name>
      <description><![CDATA[<b>Data wybudowania:</b> 1911<br><b>Uwagi:</b> Brak uwag]]></description>
      <Point>
        <coordinates>18.564563831331043,54.40716965,0</coordinates>
      </Point>
    </Placemark>
    <Placemark>
      <name>Gdańsk, Karpacka 2</name>
      <description><![CDATA[<b>Data wybudowania:</b> Brak danych<br><b>Uwagi:</b> Brak uwag]]></description>
      <Point>
        <coordinates>18.55703,54.4152802,0</coordinates>
      </Point>
    </Placemark>
    <Placemark>
      <name>Gdańsk, Karpacka 4</name>
      <description><![CDATA[<b>Data wybudowania:</b> 1976<br><b>Uwagi:</b> Brak uwag]]></description>
      <Point>
        <coordinates>18.55638833036173,54.4158688,0</coordinates>
      </Point>
    </Placemark>
    <Placemark>
      <name>Gdańsk, Karpacka 6</name>
      <description><![CDATA[<b>Data wybudowania:</b> 1976<br><b>Uwagi:</b> Brak uwag]]></description>
      <Point>
        <coordinates>18.5553704,54.4152857,0</coordinates>
      </Point>
    </Placemark>
    <Placemark>
      <name>Gdańsk, Karpacka 8</name>
      <description><![CDATA[<b>Data wybudowania:</b> Brak danych<br><b>Uwagi:</b> Brak uwag]]></description>
      <Point>
        <coordinates>18.5546315,54.4156845,0</coordinates>
      </Point>
    </Placemark>
    <Placemark>
      <name>Gdańsk, Kartuska 128</name>
      <description><![CDATA[<b>Data wybudowania:</b> 1902<br><b>Uwagi:</b> Brak uwag]]></description>
      <Point>
        <coordinates>18.617240,54.348146,0</coordinates>
      </Point>
    </Placemark>
    <Placemark>
      <name>Gdańsk, Kartuska 345</name>
      <description><![CDATA[<b>Data wybudowania:</b> 2013<br><b>Uwagi:</b> Brak uwag]]></description>
      <Point>
        <coordinates>18.567458,54.338635,0</coordinates>
      </Point>
    </Placemark>
    <Placemark>
      <name>Gdańsk, Kartuska 448</name>
      <description><![CDATA[<b>Data wybudowania:</b> 1927<br><b>Uwagi:</b> rodzina Merig]]></description>
      <Point>
        <coordinates>18.513840,54.349316,0</coordinates>
      </Point>
    </Placemark>
    <Placemark>
      <name>Gdańsk, Kartuska od 68 do 126</name>
      <description><![CDATA[<b>Data wybudowania:</b> 1956<br><b>Uwagi:</b> Brak uwag]]></description>
      <Point>
        <coordinates>18.621477,54.348739,0</coordinates>
      </Point>
    </Placemark>
    <Placemark>
      <name>Gdańsk, Kartuska od 73 do 103</name>
      <description><![CDATA[<b>Data wybudowania:</b> 1956<br><b>Uwagi:</b> Brak uwag]]></description>
      <Point>
        <coordinates>18.623076,54.349337,0</coordinates>
      </Point>
    </Placemark>
    <Placemark>
      <name>Gdańsk, Karwieńska 1 E</name>
      <description><![CDATA[<b>Data wybudowania:</b> 2020<br><b>Uwagi:</b> Brak uwag]]></description>
      <Point>
        <coordinates>18.546803152653766,54.4134181,0</coordinates>
      </Point>
    </Placemark>
    <Placemark>
      <name>Gdańsk, Karwieńska 1A</name>
      <description><![CDATA[<b>Data wybudowania:</b> 2023<br><b>Uwagi:</b> Brak uwag]]></description>
      <Point>
        <coordinates>18.546902666889483,54.412176,0</coordinates>
      </Point>
    </Placemark>
    <Placemark>
      <name>Gdańsk, Kaszubska 10</name>
      <description><![CDATA[<b>Data wybudowania:</b> 1957<br><b>Uwagi:</b> Brak uwag]]></description>
      <Point>
        <coordinates>18.567334335788313,54.405146349999995,0</coordinates>
      </Point>
    </Placemark>
    <Placemark>
      <name>Gdańsk, Kieturakisa 1</name>
      <description><![CDATA[<b>Data wybudowania:</b> 1853<br><b>Uwagi:</b> Brak uwag]]></description>
      <Point>
        <coordinates>18.659537829935502,54.3404984,0</coordinates>
      </Point>
    </Placemark>
    <Placemark>
      <name>Gdańsk, Kilarskich 8</name>
      <description><![CDATA[<b>Data wybudowania:</b> 2021<br><b>Uwagi:</b> Brak uwag]]></description>
      <Point>
        <coordinates>18.561995996386948,54.4159075,0</coordinates>
      </Point>
    </Placemark>
    <Placemark>
      <name>Gdańsk, Kilińskiego 3</name>
      <description><![CDATA[<b>Data wybudowania:</b> 2014<br><b>Uwagi:</b> Brak uwag]]></description>
      <Point>
        <coordinates>18.608377403188488,54.382400450000006,0</coordinates>
      </Point>
    </Placemark>
    <Placemark>
      <name>Gdańsk, Kilińskiego 7</name>
      <description><![CDATA[<b>Data wybudowania:</b> 1914<br><b>Uwagi:</b> d.willa dyrektora]]></description>
      <Point>
        <coordinates>18.6077734,54.3828894,0</coordinates>
      </Point>
    </Placemark>
    <Placemark>
      <name>Gdańsk, Kilińskiego 7E</name>
      <description><![CDATA[<b>Data wybudowania:</b> 1885<br><b>Uwagi:</b> obok na pd suszarnia z 1921]]></description>
      <Point>
        <coordinates>18.6077066,54.3833205,0</coordinates>
      </Point>
    </Placemark>
    <Placemark>
      <name>Gdańsk, Kilińskiego 9A</name>
      <description><![CDATA[<b>Data wybudowania:</b> 1937<br><b>Uwagi:</b> Brak uwag]]></description>
      <Point>
        <coordinates>18.60670361641141,54.3838504,0</coordinates>
      </Point>
    </Placemark>
    <Placemark>
      <name>Gdańsk, Kliniczna 1A</name>
      <description><![CDATA[<b>Data wybudowania:</b> 1912<br><b>Uwagi:</b> Brak uwag]]></description>
      <Point>
        <coordinates>18.624841893026048,54.376154799999995,0</coordinates>
      </Point>
    </Placemark>
    <Placemark>
      <name>Gdańsk, Kliniczna 3</name>
      <description><![CDATA[<b>Data wybudowania:</b> 2021<br><b>Uwagi:</b> Brak uwag]]></description>
      <Point>
        <coordinates>18.627328195023637,54.376111,0</coordinates>
      </Point>
    </Placemark>
    <Placemark>
      <name>Gdańsk, Kliniczna 5</name>
      <description><![CDATA[<b>Data wybudowania:</b> 2020<br><b>Uwagi:</b> Brak uwag]]></description>
      <Point>
        <coordinates>18.627180,54.376713,0</coordinates>
      </Point>
    </Placemark>
    <Placemark>
      <name>Gdańsk, Kładka na Ołowiankę</name>
      <description><![CDATA[<b>Data wybudowania:</b> 2017<br><b>Uwagi:</b> Brak uwag]]></description>
      <Point>
        <coordinates>18.660493546250308,54.35359915971579,0</coordinates>
      </Point>
    </Placemark>
    <Placemark>
      <name>Gdańsk, kładka obrotowa nad Motławą</name>
      <description><![CDATA[<b>Data wybudowania:</b> 2020<br><b>Uwagi:</b> Brak uwag]]></description>
      <Point>
        <coordinates>18.657532,54.349798,0</coordinates>
      </Point>
    </Placemark>
    <Placemark>
      <name>Gdańsk, Kładki 24</name>
      <description><![CDATA[<b>Data wybudowania:</b> 1905<br><b>Uwagi:</b> 1882/1905]]></description>
      <Point>
        <coordinates>18.647215952647866,54.3469562,0</coordinates>
      </Point>
    </Placemark>
    <Placemark>
      <name>Gdańsk, Kolberga 7</name>
      <description><![CDATA[<b>Data wybudowania:</b> 1959<br><b>Uwagi:</b> Brak uwag]]></description>
      <Point>
        <coordinates>18.581979,54.381877,0</coordinates>
      </Point>
    </Placemark>
    <Placemark>
      <name>Gdańsk, Kołłątaja 4</name>
      <description><![CDATA[<b>Data wybudowania:</b> 2023<br><b>Uwagi:</b> Brak uwag]]></description>
      <Point>
        <coordinates>18.596798439171977,54.38118955,0</coordinates>
      </Point>
    </Placemark>
    <Placemark>
      <name>Gdańsk, Kołłątaja 7</name>
      <description><![CDATA[<b>Data wybudowania:</b> 2007<br><b>Uwagi:</b> Brak uwag]]></description>
      <Point>
        <coordinates>18.596179800561885,54.3800751,0</coordinates>
      </Point>
    </Placemark>
    <Placemark>
      <name>Gdańsk, Kołobrzeska 32</name>
      <description><![CDATA[<b>Data wybudowania:</b> 2003<br><b>Uwagi:</b> Brak uwag]]></description>
      <Point>
        <coordinates>18.588132273567194,54.40265205,0</coordinates>
      </Point>
    </Placemark>
    <Placemark>
      <name>Gdańsk, Kołobrzeska 34</name>
      <description><![CDATA[<b>Data wybudowania:</b> 2020<br><b>Uwagi:</b> Student Depot]]></description>
      <Point>
        <coordinates>18.590450,54.403267,0</coordinates>
      </Point>
    </Placemark>
    <Placemark>
      <name>Gdańsk, Kołobrzeska 41C</name>
      <description><![CDATA[<b>Data wybudowania:</b> 2002<br><b>Uwagi:</b> Brak uwag]]></description>
      <Point>
        <coordinates>18.587823746084183,54.40434125,0</coordinates>
      </Point>
    </Placemark>
    <Placemark>
      <name>Gdańsk, Kołobrzeska 42</name>
      <description><![CDATA[<b>Data wybudowania:</b> 1975<br><b>Uwagi:</b> Brak uwag]]></description>
      <Point>
        <coordinates>18.596474899934613,54.40398835,0</coordinates>
      </Point>
    </Placemark>
    <Placemark>
      <name>Gdańsk, Kołobrzeska 54C</name>
      <description><![CDATA[<b>Data wybudowania:</b> 1972<br><b>Uwagi:</b> Kombinat Budowy Domów nr 3 w Leningradzie]]></description>
      <Point>
        <coordinates>18.60493375,54.4056894,0</coordinates>
      </Point>
    </Placemark>
    <Placemark>
      <name>Gdańsk, Kołobrzeska 56 C</name>
      <description><![CDATA[<b>Data wybudowania:</b> 1972<br><b>Uwagi:</b> Kombinat Budowy Domów nr 3 w Leningradzie]]></description>
      <Point>
        <coordinates>18.605946416093012,54.406016449999996,0</coordinates>
      </Point>
    </Placemark>
    <Placemark>
      <name>Gdańsk, Kołobrzeska 58 C</name>
      <description><![CDATA[<b>Data wybudowania:</b> 1972<br><b>Uwagi:</b> Kombinat Budowy Domów nr 3 w Leningradzie]]></description>
      <Point>
        <coordinates>18.607229667481988,54.40738915,0</coordinates>
      </Point>
    </Placemark>
    <Placemark>
      <name>Gdańsk, Komandorska 77</name>
      <description><![CDATA[<b>Data wybudowania:</b> 1999<br><b>Uwagi:</b> Brak uwag]]></description>
      <Point>
        <coordinates>18.468388,54.434485,0</coordinates>
      </Point>
    </Placemark>
    <Placemark>
      <name>Gdańsk, Kombatantów 4</name>
      <description><![CDATA[<b>Data wybudowania:</b> 1982<br><b>Uwagi:</b> Brak uwag]]></description>
      <Point>
        <coordinates>18.607804651358936,54.39835645,0</coordinates>
      </Point>
    </Placemark>
    <Placemark>
      <name>Gdańsk, Konopnickiej 10</name>
      <description><![CDATA[<b>Data wybudowania:</b> 2018<br><b>Uwagi:</b> Brak uwag]]></description>
      <Point>
        <coordinates>18.610228182308195,54.379681149999996,0</coordinates>
      </Point>
    </Placemark>
    <Placemark>
      <name>Gdańsk, Kopeckiego 8</name>
      <description><![CDATA[<b>Data wybudowania:</b> 2013<br><b>Uwagi:</b> Brak uwag]]></description>
      <Point>
        <coordinates>18.611685534101817,54.336565381412804,0</coordinates>
      </Point>
    </Placemark>
    <Placemark>
      <name>Gdańsk, Kopeckiego 9</name>
      <description><![CDATA[<b>Data wybudowania:</b> 2013<br><b>Uwagi:</b> Brak uwag]]></description>
      <Point>
        <coordinates>18.61172332902418,54.33584605,0</coordinates>
      </Point>
    </Placemark>
    <Placemark>
      <name>Gdańsk, Kossaka 7</name>
      <description><![CDATA[<b>Data wybudowania:</b> 1913<br><b>Uwagi:</b> Brak uwag]]></description>
      <Point>
        <coordinates>18.608073666166725,54.374678700000004,0</coordinates>
      </Point>
    </Placemark>
    <Placemark>
      <name>Gdańsk, Koszary</name>
      <description><![CDATA[<b>Data wybudowania:</b> 1936<br><b>Uwagi:</b> Brak uwag]]></description>
      <Point>
        <coordinates>18.671692252772402,54.40647335,0</coordinates>
      </Point>
    </Placemark>
    <Placemark>
      <name>Gdańsk, Kościół Matki Bożej Królowej Korony Polskiej w Gdańsku</name>
      <description><![CDATA[<b>Data wybudowania:</b> 1920<br><b>Uwagi:</b> Brak uwag]]></description>
      <Point>
        <coordinates>18.557389,54.407073,0</coordinates>
      </Point>
    </Placemark>
    <Placemark>
      <name>Gdańsk, kościół pw. Świętego Antoniego</name>
      <description><![CDATA[<b>Data wybudowania:</b> 1924<br><b>Uwagi:</b> Brak uwag]]></description>
      <Point>
        <coordinates>18.631382177299464,54.4089968,0</coordinates>
      </Point>
    </Placemark>
    <Placemark>
      <name>Gdańsk, kościół św. Franciszka</name>
      <description><![CDATA[<b>Data wybudowania:</b> 1906<br><b>Uwagi:</b> Brak uwag]]></description>
      <Point>
        <coordinates>18.607771,54.348512,0</coordinates>
      </Point>
    </Placemark>
    <Placemark>
      <name>Gdańsk, Kościuszki 111</name>
      <description><![CDATA[<b>Data wybudowania:</b> 1958<br><b>Uwagi:</b> Brak uwag]]></description>
      <Point>
        <coordinates>18.625452815709245,54.3873419,0</coordinates>
      </Point>
    </Placemark>
    <Placemark>
      <name>Gdańsk, Kościuszki 8</name>
      <description><![CDATA[<b>Data wybudowania:</b> 2021<br><b>Uwagi:</b> Brak uwag]]></description>
      <Point>
        <coordinates>18.6033622,54.3857344,0</coordinates>
      </Point>
    </Placemark>
    <Placemark>
      <name>Gdańsk, Kramarska 1</name>
      <description><![CDATA[<b>Data wybudowania:</b> 1964<br><b>Uwagi:</b> Brak uwag]]></description>
      <Point>
        <coordinates>18.653160,54.349137,0</coordinates>
      </Point>
    </Placemark>
    <Placemark>
      <name>Gdańsk, Krasickiego</name>
      <description><![CDATA[<b>Data wybudowania:</b> 1997<br><b>Uwagi:</b> Brak uwag]]></description>
      <Point>
        <coordinates>18.644625,54.405018,0</coordinates>
      </Point>
    </Placemark>
    <Placemark>
      <name>Gdańsk, Krynicka 2</name>
      <description><![CDATA[<b>Data wybudowania:</b> 2017<br><b>Uwagi:</b> Brak uwag]]></description>
      <Point>
        <coordinates>18.586013,54.400876,0</coordinates>
      </Point>
    </Placemark>
    <Placemark>
      <name>Gdańsk, Krynicka 2</name>
      <description><![CDATA[<b>Data wybudowania:</b> 2017<br><b>Uwagi:</b> Brak uwag]]></description>
      <Point>
        <coordinates>18.586013,54.400883,0</coordinates>
      </Point>
    </Placemark>
    <Placemark>
      <name>Gdańsk, Krzemowa 3</name>
      <description><![CDATA[<b>Data wybudowania:</b> 2011<br><b>Uwagi:</b> kościół św. Jadwigi Królowej, projekt Antoniego Wolańskiego ; 2003/2011]]></description>
      <Point>
        <coordinates>18.61789375246331,54.3258882,0</coordinates>
      </Point>
    </Placemark>
    <Placemark>
      <name>Gdańsk, Krzywoustego 17</name>
      <description><![CDATA[<b>Data wybudowania:</b> 1959<br><b>Uwagi:</b> dla pracowników Gdańskich Zakładów Gazowniczych; ok 1959]]></description>
      <Point>
        <coordinates>18.579302,54.412784,0</coordinates>
      </Point>
    </Placemark>
    <Placemark>
      <name>Gdańsk, Krzywoustego 18</name>
      <description><![CDATA[<b>Data wybudowania:</b> 1959<br><b>Uwagi:</b> miały służyć od 1955 roku pracownikom zajmującym kierownicze stanowiska w Gdańskiej Stoczni Remontowej. Od czasu zakoń-czenia budowy czekały jednak jeszcze pięć lat na osuszenie murów.; ok. 1959]]></description>
      <Point>
        <coordinates>18.579860,54.412952,0</coordinates>
      </Point>
    </Placemark>
    <Placemark>
      <name>Gdańsk, Krzywoustego 19B</name>
      <description><![CDATA[<b>Data wybudowania:</b> 2012<br><b>Uwagi:</b> Brak uwag]]></description>
      <Point>
        <coordinates>18.58120684708193,54.41391755,0</coordinates>
      </Point>
    </Placemark>
    <Placemark>
      <name>Gdańsk, Krzywoustego 26</name>
      <description><![CDATA[<b>Data wybudowania:</b> 1958<br><b>Uwagi:</b> służyły pracownikom Zakładu Budowy Sieci Elektrycznych Elbud; koniec lat 50.]]></description>
      <Point>
        <coordinates>18.583664,54.412605,0</coordinates>
      </Point>
    </Placemark>
    <Placemark>
      <name>Gdańsk, Krzywoustego 27</name>
      <description><![CDATA[<b>Data wybudowania:</b> 1958<br><b>Uwagi:</b> służyły pracownikom Zakładu Budowy Sieci Elektrycznych Elbud; koniec lat 50.]]></description>
      <Point>
        <coordinates>18.583133,54.412514,0</coordinates>
      </Point>
    </Placemark>
    <Placemark>
      <name>Gdańsk, Krzywoustego 28</name>
      <description><![CDATA[<b>Data wybudowania:</b> 1958<br><b>Uwagi:</b> już spółdzielczy; koniec lat 50.]]></description>
      <Point>
        <coordinates>18.582596,54.412408,0</coordinates>
      </Point>
    </Placemark>
    <Placemark>
      <name>Gdańsk, Krzywoustego 29</name>
      <description><![CDATA[<b>Data wybudowania:</b> 1960<br><b>Uwagi:</b> już spółdzielczy]]></description>
      <Point>
        <coordinates>18.582060,54.412362,0</coordinates>
      </Point>
    </Placemark>
    <Placemark>
      <name>Gdańsk, Krzywoustego 7</name>
      <description><![CDATA[<b>Data wybudowania:</b> 1933<br><b>Uwagi:</b> Brak uwag]]></description>
      <Point>
        <coordinates>18.575306,54.412077,0</coordinates>
      </Point>
    </Placemark>
    <Placemark>
      <name>Gdańsk, Krzywoustego 8-12</name>
      <description><![CDATA[<b>Data wybudowania:</b> 1912<br><b>Uwagi:</b> Brak uwag]]></description>
      <Point>
        <coordinates>18.575993,54.412146,0</coordinates>
      </Point>
    </Placemark>
    <Placemark>
      <name>Gdańsk, Księdza Józefa Zator-Przytockiego 3, Kolegiata Najświętszego Serca Jezusowego </name>
      <description><![CDATA[<b>Data wybudowania:</b> 1911<br><b>Uwagi:</b> Karl Zillmer]]></description>
      <Point>
        <coordinates>18.609024950816327,54.3798638,0</coordinates>
      </Point>
    </Placemark>
    <Placemark>
      <name>Gdańsk, Księdza Zator-Przytockiego 3</name>
      <description><![CDATA[<b>Data wybudowania:</b> 1984<br><b>Uwagi:</b> Szczepan Baum;  Dom katechetyczny]]></description>
      <Point>
        <coordinates>18.60839621367432,54.3797865,0</coordinates>
      </Point>
    </Placemark>
    <Placemark>
      <name>Gdańsk, Kubusia Puchatka</name>
      <description><![CDATA[<b>Data wybudowania:</b> 1956<br><b>Uwagi:</b> m.in. Andrzej Jagodziński]]></description>
      <Point>
        <coordinates>18.566913979127968,54.397869296324444,0</coordinates>
      </Point>
    </Placemark>
    <Placemark>
      <name>Gdańsk, Kwietna 23</name>
      <description><![CDATA[<b>Data wybudowania:</b> 1875<br><b>Uwagi:</b> Brak uwag]]></description>
      <Point>
        <coordinates>18.545200631422276,54.407690599999995,0</coordinates>
      </Point>
    </Placemark>
    <Placemark>
      <name>Gdańsk, Kwietna 27</name>
      <description><![CDATA[<b>Data wybudowania:</b> 1880<br><b>Uwagi:</b> wcześniejsze słupki]]></description>
      <Point>
        <coordinates>18.544220128596088,54.40699711554301,0</coordinates>
      </Point>
    </Placemark>
    <Placemark>
      <name>Gdańsk, Leczkowa 14</name>
      <description><![CDATA[<b>Data wybudowania:</b> 1899<br><b>Uwagi:</b> Brak uwag]]></description>
      <Point>
        <coordinates>18.619895,54.378195,0</coordinates>
      </Point>
    </Placemark>
    <Placemark>
      <name>Gdańsk, Lelewela 13</name>
      <description><![CDATA[<b>Data wybudowania:</b> 1908<br><b>Uwagi:</b> G. Beyer]]></description>
      <Point>
        <coordinates>18.611897204256607,54.3834322,0</coordinates>
      </Point>
    </Placemark>
    <Placemark>
      <name>Gdańsk, Lelewela 36</name>
      <description><![CDATA[<b>Data wybudowania:</b> 2019<br><b>Uwagi:</b> Brak uwag]]></description>
      <Point>
        <coordinates>18.607503,54.384397,0</coordinates>
      </Point>
    </Placemark>
    <Placemark>
      <name>Gdańsk, Lema-Piekarnicza</name>
      <description><![CDATA[<b>Data wybudowania:</b> 2018<br><b>Uwagi:</b> 6-piętrowe? Robyg]]></description>
      <Point>
        <coordinates>18.587644,54.349458,0</coordinates>
      </Point>
    </Placemark>
    <Placemark>
      <name>Gdańsk, Lendziona 6</name>
      <description><![CDATA[<b>Data wybudowania:</b> 1895<br><b>Uwagi:</b> Brak uwag]]></description>
      <Point>
        <coordinates>18.602586933163735,54.38123865,0</coordinates>
      </Point>
    </Placemark>
    <Placemark>
      <name>Gdańsk, Lendziona 7</name>
      <description><![CDATA[<b>Data wybudowania:</b> 1895<br><b>Uwagi:</b> Brak uwag]]></description>
      <Point>
        <coordinates>18.602215666852956,54.381242900000004,0</coordinates>
      </Point>
    </Placemark>
    <Placemark>
      <name>Gdańsk, Leśmiana 1</name>
      <description><![CDATA[<b>Data wybudowania:</b> 2021<br><b>Uwagi:</b> Brak uwag]]></description>
      <Point>
        <coordinates>18.58736372311763,54.38166995,0</coordinates>
      </Point>
    </Placemark>
    <Placemark>
      <name>Gdańsk, Leśna 12</name>
      <description><![CDATA[<b>Data wybudowania:</b> 1911<br><b>Uwagi:</b> Brak uwag]]></description>
      <Point>
        <coordinates>18.556353,54.407754,0</coordinates>
      </Point>
    </Placemark>
    <Placemark>
      <name>Gdańsk, Leśna 8</name>
      <description><![CDATA[<b>Data wybudowania:</b> 1910<br><b>Uwagi:</b> Brak uwag]]></description>
      <Point>
        <coordinates>18.556820,54.406455,0</coordinates>
      </Point>
    </Placemark>
    <Placemark>
      <name>Gdańsk, Leśna Góra 19</name>
      <description><![CDATA[<b>Data wybudowania:</b> 1980<br><b>Uwagi:</b> Brak uwag]]></description>
      <Point>
        <coordinates>18.562715904114597,54.37402435,0</coordinates>
      </Point>
    </Placemark>
    <Placemark>
      <name>Gdańsk, Lęborska 21</name>
      <description><![CDATA[<b>Data wybudowania:</b> 1979<br><b>Uwagi:</b> Brak uwag]]></description>
      <Point>
        <coordinates>18.58324437828915,54.40493405,0</coordinates>
      </Point>
    </Placemark>
    <Placemark>
      <name>Gdańsk, Lęborska 22</name>
      <description><![CDATA[<b>Data wybudowania:</b> 2007<br><b>Uwagi:</b> Brak uwag]]></description>
      <Point>
        <coordinates>18.582131225162865,54.4049465,0</coordinates>
      </Point>
    </Placemark>
    <Placemark>
      <name>Gdańsk, Lęborska 22a-22e</name>
      <description><![CDATA[<b>Data wybudowania:</b> 2019<br><b>Uwagi:</b> 2015-2019]]></description>
      <Point>
        <coordinates>18.581700,54.404406,0</coordinates>
      </Point>
    </Placemark>
    <Placemark>
      <name>Gdańsk, Lęborska 25</name>
      <description><![CDATA[<b>Data wybudowania:</b> 2014<br><b>Uwagi:</b> Brak uwag]]></description>
      <Point>
        <coordinates>18.584268820778355,54.40494665,0</coordinates>
      </Point>
    </Placemark>
    <Placemark>
      <name>Gdańsk, Lęborska 3B</name>
      <description><![CDATA[<b>Data wybudowania:</b> 2011<br><b>Uwagi:</b> Brak uwag]]></description>
      <Point>
        <coordinates>18.576140465274825,54.40481615,0</coordinates>
      </Point>
    </Placemark>
    <Placemark>
      <name>Gdańsk, Liczmańskiego 12</name>
      <description><![CDATA[<b>Data wybudowania:</b> 1913<br><b>Uwagi:</b> Kurt Arnheima]]></description>
      <Point>
        <coordinates>18.550238761226257,54.406418349999996,0</coordinates>
      </Point>
    </Placemark>
    <Placemark>
      <name>Gdańsk, Liczmańskiego 3</name>
      <description><![CDATA[<b>Data wybudowania:</b> 1911<br><b>Uwagi:</b> Brak uwag]]></description>
      <Point>
        <coordinates>18.555051003814384,54.40722235,0</coordinates>
      </Point>
    </Placemark>
    <Placemark>
      <name>Gdańsk, Ludowa 10</name>
      <description><![CDATA[<b>Data wybudowania:</b> 1934<br><b>Uwagi:</b> Brak uwag]]></description>
      <Point>
        <coordinates>18.578539557815734,54.383565250000004,0</coordinates>
      </Point>
    </Placemark>
    <Placemark>
      <name>Gdańsk, Łąkowa 16</name>
      <description><![CDATA[<b>Data wybudowania:</b> 1895<br><b>Uwagi:</b> Brak uwag]]></description>
      <Point>
        <coordinates>18.661265,54.342536,0</coordinates>
      </Point>
    </Placemark>
    <Placemark>
      <name>Gdańsk, Łąkowa 39-44</name>
      <description><![CDATA[<b>Data wybudowania:</b> 1927<br><b>Uwagi:</b> Brak uwag]]></description>
      <Point>
        <coordinates>18.66244080768255,54.34248515,0</coordinates>
      </Point>
    </Placemark>
    <Placemark>
      <name>Gdańsk, Łozy</name>
      <description><![CDATA[<b>Data wybudowania:</b> 1976<br><b>Uwagi:</b> 17 bloków w tych latach; 1974-1976]]></description>
      <Point>
        <coordinates>18.63998,54.40408,0</coordinates>
      </Point>
    </Placemark>
    <Placemark>
      <name>Gdańsk, Macierzy Szkolnej 3</name>
      <description><![CDATA[<b>Data wybudowania:</b> 2015<br><b>Uwagi:</b> Fort, Antoni Taraszkiewicz]]></description>
      <Point>
        <coordinates>18.567021,54.395228,0</coordinates>
      </Point>
    </Placemark>
    <Placemark>
      <name>Gdańsk, Magellana 6</name>
      <description><![CDATA[<b>Data wybudowania:</b> 2022<br><b>Uwagi:</b> Brak uwag]]></description>
      <Point>
        <coordinates>18.582696176041665,54.3663249,0</coordinates>
      </Point>
    </Placemark>
    <Placemark>
      <name>Gdańsk, Magellana 8</name>
      <description><![CDATA[<b>Data wybudowania:</b> 2021<br><b>Uwagi:</b> Brak uwag]]></description>
      <Point>
        <coordinates>18.581573866761957,54.3657536,0</coordinates>
      </Point>
    </Placemark>
    <Placemark>
      <name>Gdańsk, Magellana 8A</name>
      <description><![CDATA[<b>Data wybudowania:</b> 2020<br><b>Uwagi:</b> Brak uwag]]></description>
      <Point>
        <coordinates>18.581813088403138,54.3652615,0</coordinates>
      </Point>
    </Placemark>
    <Placemark>
      <name>Gdańsk, Majora Henryka Sucharskiego, Wartownia nr 1, </name>
      <description><![CDATA[<b>Data wybudowania:</b> 1934<br><b>Uwagi:</b> Brak uwag]]></description>
      <Point>
        <coordinates>18.675990347889233,54.406024099999996,0</coordinates>
      </Point>
    </Placemark>
    <Placemark>
      <name>Gdańsk, Malinowa</name>
      <description><![CDATA[<b>Data wybudowania:</b> 1983<br><b>Uwagi:</b> Osiedle Kalina dla pracowników Stoczni Gdańskiej. po roku 1980, dokładnej daty nie znam; ok. 1983]]></description>
      <Point>
        <coordinates>18.515916,54.353367,0</coordinates>
      </Point>
    </Placemark>
    <Placemark>
      <name>Gdańsk, Marynarki Polskiej 138A</name>
      <description><![CDATA[<b>Data wybudowania:</b> 1976<br><b>Uwagi:</b> według daty w windzie]]></description>
      <Point>
        <coordinates>18.630821488820356,54.3781984,0</coordinates>
      </Point>
    </Placemark>
    <Placemark>
      <name>Gdańsk, Matecznikowa</name>
      <description><![CDATA[<b>Data wybudowania:</b> 2011<br><b>Uwagi:</b> Brak uwag]]></description>
      <Point>
        <coordinates>18.586367,54.345869,0</coordinates>
      </Point>
    </Placemark>
    <Placemark>
      <name>Gdańsk, Matejki 21</name>
      <description><![CDATA[<b>Data wybudowania:</b> 1895<br><b>Uwagi:</b> Brak uwag]]></description>
      <Point>
        <coordinates>18.611537,54.374584,0</coordinates>
      </Point>
    </Placemark>
    <Placemark>
      <name>Gdańsk, Matemblewska 9</name>
      <description><![CDATA[<b>Data wybudowania:</b> 1992<br><b>Uwagi:</b> Brak uwag]]></description>
      <Point>
        <coordinates>18.556308598415605,54.3630606,0</coordinates>
      </Point>
    </Placemark>
    <Placemark>
      <name>Gdańsk, Matki Polki 2</name>
      <description><![CDATA[<b>Data wybudowania:</b> 1914<br><b>Uwagi:</b> Brak uwag]]></description>
      <Point>
        <coordinates>18.60377793462957,54.3773831,0</coordinates>
      </Point>
    </Placemark>
    <Placemark>
      <name>Gdańsk, Mazowiecka 3</name>
      <description><![CDATA[<b>Data wybudowania:</b> 1978<br><b>Uwagi:</b> Brak uwag]]></description>
      <Point>
        <coordinates>18.5662213,54.3749138,0</coordinates>
      </Point>
    </Placemark>
    <Placemark>
      <name>Gdańsk, Michałowskiego 41</name>
      <description><![CDATA[<b>Data wybudowania:</b> 1963<br><b>Uwagi:</b> Brak uwag]]></description>
      <Point>
        <coordinates>18.57053388705753,54.3852263,0</coordinates>
      </Point>
    </Placemark>
    <Placemark>
      <name>Gdańsk, Mickiewicza 5</name>
      <description><![CDATA[<b>Data wybudowania:</b> 2021<br><b>Uwagi:</b> Brak uwag]]></description>
      <Point>
        <coordinates>18.6168972369365,54.3829408,0</coordinates>
      </Point>
    </Placemark>
    <Placemark>
      <name>Gdańsk, Miła 1</name>
      <description><![CDATA[<b>Data wybudowania:</b> 1891<br><b>Uwagi:</b> Brak uwag]]></description>
      <Point>
        <coordinates>18.635382,54.408783,0</coordinates>
      </Point>
    </Placemark>
    <Placemark>
      <name>Gdańsk, molo w Brzeźnie</name>
      <description><![CDATA[<b>Data wybudowania:</b> 1996<br><b>Uwagi:</b> Brak uwag]]></description>
      <Point>
        <coordinates>18.624886153844407,54.41408545,0</coordinates>
      </Point>
    </Placemark>
    <Placemark>
      <name>Gdańsk, Moniuszki 19</name>
      <description><![CDATA[<b>Data wybudowania:</b> 2000<br><b>Uwagi:</b> Brak uwag]]></description>
      <Point>
        <coordinates>18.58784319939322,54.38795135,0</coordinates>
      </Point>
    </Placemark>
    <Placemark>
      <name>Gdańsk, Most Chlebowy</name>
      <description><![CDATA[<b>Data wybudowania:</b> 1901<br><b>Uwagi:</b> Brak uwag]]></description>
      <Point>
        <coordinates>18.648496216200236,54.35368415,0</coordinates>
      </Point>
    </Placemark>
    <Placemark>
      <name>Gdańsk, Mściwoja 12</name>
      <description><![CDATA[<b>Data wybudowania:</b> 1951<br><b>Uwagi:</b> i cały kwartał to osiedle słomianych wdów (czyli osiedle marynarskie) - Zjednoczenie Osiedli Robotniczych) dla pracowników Polskiej Marynarki Handlowej.
Robotniczych) dla pracowników Polskiej Marynarki Handlowej.]]></description>
      <Point>
        <coordinates>18.579801,54.408357,0</coordinates>
      </Point>
    </Placemark>
    <Placemark>
      <name>Gdańsk, Mściwoja II 62</name>
      <description><![CDATA[<b>Data wybudowania:</b> 1967<br><b>Uwagi:</b> Brak uwag]]></description>
      <Point>
        <coordinates>18.577194,54.414597,0</coordinates>
      </Point>
    </Placemark>
    <Placemark>
      <name>Gdańsk, Mściwoja II 85</name>
      <description><![CDATA[<b>Data wybudowania:</b> 1999<br><b>Uwagi:</b> Brak uwag]]></description>
      <Point>
        <coordinates>18.576213,54.415020,0</coordinates>
      </Point>
    </Placemark>
    <Placemark>
      <name>Gdańsk, Muzeum Archeologiczne</name>
      <description><![CDATA[<b>Data wybudowania:</b> 1599<br><b>Uwagi:</b> Brak uwag]]></description>
      <Point>
        <coordinates>18.6596937,54.3548344,0</coordinates>
      </Point>
    </Placemark>
    <Placemark>
      <name>Gdańsk, Myśliwska 22</name>
      <description><![CDATA[<b>Data wybudowania:</b> 2011<br><b>Uwagi:</b> Brak uwag]]></description>
      <Point>
        <coordinates>18.582698,54.349190,0</coordinates>
      </Point>
    </Placemark>
    <Placemark>
      <name>Gdańsk, Na zboczu 49</name>
      <description><![CDATA[<b>Data wybudowania:</b> 1934<br><b>Uwagi:</b> Brak uwag]]></description>
      <Point>
        <coordinates>18.625243,54.346116,0</coordinates>
      </Point>
    </Placemark>
    <Placemark>
      <name>Gdańsk, Nadmorski Dwór</name>
      <description><![CDATA[<b>Data wybudowania:</b> 2011<br><b>Uwagi:</b> Brak uwag]]></description>
      <Point>
        <coordinates>18.621107,54.407010,0</coordinates>
      </Point>
    </Placemark>
    <Placemark>
      <name>Gdańsk, Nadwodna 7</name>
      <description><![CDATA[<b>Data wybudowania:</b> 1991<br><b>Uwagi:</b> Brak uwag]]></description>
      <Point>
        <coordinates>18.562083,54.421686,0</coordinates>
      </Point>
    </Placemark>
    <Placemark>
      <name>Gdańsk, Nałkowskiej 3</name>
      <description><![CDATA[<b>Data wybudowania:</b> 1984<br><b>Uwagi:</b> Otwarty jako Spółdzielczy DK]]></description>
      <Point>
        <coordinates>18.590561296055586,54.360003000000006,0</coordinates>
      </Point>
    </Placemark>
    <Placemark>
      <name>Gdańsk, Nieborowska 8</name>
      <description><![CDATA[<b>Data wybudowania:</b> 2011<br><b>Uwagi:</b> Brak uwag]]></description>
      <Point>
        <coordinates>18.60401785061208,54.32968875,0</coordinates>
      </Point>
    </Placemark>
    <Placemark>
      <name>Gdańsk, Niepołomicka 47</name>
      <description><![CDATA[<b>Data wybudowania:</b> 2023<br><b>Uwagi:</b> Brak uwag]]></description>
      <Point>
        <coordinates>18.600780751725576,54.308093850000006,0</coordinates>
      </Point>
    </Placemark>
    <Placemark>
      <name>Gdańsk, Noakowskiego 3</name>
      <description><![CDATA[<b>Data wybudowania:</b> 2000<br><b>Uwagi:</b> Brak uwag]]></description>
      <Point>
        <coordinates>18.563384197211132,54.403929000000005,0</coordinates>
      </Point>
    </Placemark>
    <Placemark>
      <name>Gdańsk, Norwida 1</name>
      <description><![CDATA[<b>Data wybudowania:</b> 2020<br><b>Uwagi:</b> Brak uwag]]></description>
      <Point>
        <coordinates>18.59365025774084,54.3839709,0</coordinates>
      </Point>
    </Placemark>
    <Placemark>
      <name>Gdańsk, Norwida 11</name>
      <description><![CDATA[<b>Data wybudowania:</b> 2017<br><b>Uwagi:</b> Brak uwag]]></description>
      <Point>
        <coordinates>18.5917127,54.3832969,0</coordinates>
      </Point>
    </Placemark>
    <Placemark>
      <name>Gdańsk, Norwida 5</name>
      <description><![CDATA[<b>Data wybudowania:</b> 2017<br><b>Uwagi:</b> Brak uwag]]></description>
      <Point>
        <coordinates>18.5924117,54.383719,0</coordinates>
      </Point>
    </Placemark>
    <Placemark>
      <name>Gdańsk, Nowe Ogrody 6</name>
      <description><![CDATA[<b>Data wybudowania:</b> 1875<br><b>Uwagi:</b> najstarsza częsć szpitala, rozbudowywany do 1914]]></description>
      <Point>
        <coordinates>18.6408647,54.3515349,0</coordinates>
      </Point>
    </Placemark>
    <Placemark>
      <name>Gdańsk, Nowomiejska 3</name>
      <description><![CDATA[<b>Data wybudowania:</b> 2020<br><b>Uwagi:</b> Brak uwag]]></description>
      <Point>
        <coordinates>18.647931785647714,54.3618145,0</coordinates>
      </Point>
    </Placemark>
    <Placemark>
      <name>Gdańsk, Obrońców Westerplatte 16</name>
      <description><![CDATA[<b>Data wybudowania:</b> 1890<br><b>Uwagi:</b> Brak uwag]]></description>
      <Point>
        <coordinates>18.561236212018766,54.4081942,0</coordinates>
      </Point>
    </Placemark>
    <Placemark>
      <name>Gdańsk, Obrońców Wybrzeża 11</name>
      <description><![CDATA[<b>Data wybudowania:</b> 2014<br><b>Uwagi:</b> Brak uwag]]></description>
      <Point>
        <coordinates>18.596469503416646,54.4097213,0</coordinates>
      </Point>
    </Placemark>
    <Placemark>
      <name>Gdańsk, Obrońców Wybrzeża 15</name>
      <description><![CDATA[<b>Data wybudowania:</b> 2017<br><b>Uwagi:</b> Brak uwag]]></description>
      <Point>
        <coordinates>18.597890484967024,54.4100064,0</coordinates>
      </Point>
    </Placemark>
    <Placemark>
      <name>Gdańsk, Obrońców Wybrzeża 17</name>
      <description><![CDATA[<b>Data wybudowania:</b> 2017<br><b>Uwagi:</b> Brak uwag]]></description>
      <Point>
        <coordinates>18.59837230249753,54.4100462,0</coordinates>
      </Point>
    </Placemark>
    <Placemark>
      <name>Gdańsk, Obrońców Wybrzeża 25 A</name>
      <description><![CDATA[<b>Data wybudowania:</b> 2006<br><b>Uwagi:</b> ASA Architektoniczne Studio Autorskie
Marian Synakiewicz]]></description>
      <Point>
        <coordinates>18.602202635936173,54.4105832,0</coordinates>
      </Point>
    </Placemark>
    <Placemark>
      <name>Gdańsk, Obrońców Wybrzeża 4</name>
      <description><![CDATA[<b>Data wybudowania:</b> 1973<br><b>Uwagi:</b> Brak uwag]]></description>
      <Point>
        <coordinates>18.591667,54.407865,0</coordinates>
      </Point>
    </Placemark>
    <Placemark>
      <name>Gdańsk, Obrońców Wybrzeża 5</name>
      <description><![CDATA[<b>Data wybudowania:</b> 2020<br><b>Uwagi:</b> ASA Architektoniczne Studio Autorskie
Marian Synakiewicz]]></description>
      <Point>
        <coordinates>18.59592599513817,54.41055,0</coordinates>
      </Point>
    </Placemark>
    <Placemark>
      <name>Gdańsk, Obrońców Wybrzeża 7</name>
      <description><![CDATA[<b>Data wybudowania:</b> 2011<br><b>Uwagi:</b> Brak uwag]]></description>
      <Point>
        <coordinates>18.595574349556873,54.4095524,0</coordinates>
      </Point>
    </Placemark>
    <Placemark>
      <name>Gdańsk, Obywatelska 1</name>
      <description><![CDATA[<b>Data wybudowania:</b> 1963<br><b>Uwagi:</b> Brak uwag]]></description>
      <Point>
        <coordinates>18.59404032330501,54.3806542,0</coordinates>
      </Point>
    </Placemark>
    <Placemark>
      <name>Gdańsk, Obywatelska róg Żołnierzy Wyklętych 6</name>
      <description><![CDATA[<b>Data wybudowania:</b> 1899<br><b>Uwagi:</b> Brak uwag]]></description>
      <Point>
        <coordinates>18.593245,54.380666,0</coordinates>
      </Point>
    </Placemark>
    <Placemark>
      <name>Gdańsk, Ogrodowa 4</name>
      <description><![CDATA[<b>Data wybudowania:</b> 2021<br><b>Uwagi:</b> Brak uwag]]></description>
      <Point>
        <coordinates>18.573381766955755,54.37035885,0</coordinates>
      </Point>
    </Placemark>
    <Placemark>
      <name>Gdańsk, Okopowa 1</name>
      <description><![CDATA[<b>Data wybudowania:</b> 1906<br><b>Uwagi:</b> Brak uwag]]></description>
      <Point>
        <coordinates>18.646456999740835,54.34953765,0</coordinates>
      </Point>
    </Placemark>
    <Placemark>
      <name>Gdańsk, Okopowa 21/27b</name>
      <description><![CDATA[<b>Data wybudowania:</b> 1936<br><b>Uwagi:</b> Brak uwag]]></description>
      <Point>
        <coordinates>18.645964,54.3435962,0</coordinates>
      </Point>
    </Placemark>
    <Placemark>
      <name>Gdańsk, Okrąg 14</name>
      <description><![CDATA[<b>Data wybudowania:</b> 1971<br><b>Uwagi:</b> około 1971 (według ogłoszeń)]]></description>
      <Point>
        <coordinates>18.631469359956053,54.3753082,0</coordinates>
      </Point>
    </Placemark>
    <Placemark>
      <name>Gdańsk, Oliwa 03</name>
      <description><![CDATA[<b>Data wybudowania:</b> 1948<br><b>Uwagi:</b> Pętla tramwajowa]]></description>
      <Point>
        <coordinates>18.5671505,54.4096362,0</coordinates>
      </Point>
    </Placemark>
    <Placemark>
      <name>Gdańsk, Olsztyńska 1A</name>
      <description><![CDATA[<b>Data wybudowania:</b> 2014<br><b>Uwagi:</b> Brak uwag]]></description>
      <Point>
        <coordinates>18.60602454422046,54.404931950000005,0</coordinates>
      </Point>
    </Placemark>
    <Placemark>
      <name>Gdańsk, Olsztyńska 2</name>
      <description><![CDATA[<b>Data wybudowania:</b> 1996<br><b>Uwagi:</b> Brak uwag]]></description>
      <Point>
        <coordinates>18.603670728814645,54.40484535,0</coordinates>
      </Point>
    </Placemark>
    <Placemark>
      <name>Gdańsk, Olsztyńska 3 c</name>
      <description><![CDATA[<b>Data wybudowania:</b> 2011<br><b>Uwagi:</b> Brak uwag]]></description>
      <Point>
        <coordinates>18.60668304258043,54.405356100000006,0</coordinates>
      </Point>
    </Placemark>
    <Placemark>
      <name>Gdańsk, Olsztyńska 3a</name>
      <description><![CDATA[<b>Data wybudowania:</b> 2011<br><b>Uwagi:</b> Brak uwag]]></description>
      <Point>
        <coordinates>18.607186410981686,54.404638899999995,0</coordinates>
      </Point>
    </Placemark>
    <Placemark>
      <name>Gdańsk, Olsztyńska 3b</name>
      <description><![CDATA[<b>Data wybudowania:</b> 2010<br><b>Uwagi:</b> Brak uwag]]></description>
      <Point>
        <coordinates>18.607952306989738,54.4049296,0</coordinates>
      </Point>
    </Placemark>
    <Placemark>
      <name>Gdańsk, Olsztyńska 5</name>
      <description><![CDATA[<b>Data wybudowania:</b> 1985<br><b>Uwagi:</b> Brak uwag]]></description>
      <Point>
        <coordinates>18.6065412,54.4059708,0</coordinates>
      </Point>
    </Placemark>
    <Placemark>
      <name>Gdańsk, Opacka 20</name>
      <description><![CDATA[<b>Data wybudowania:</b> 2019<br><b>Uwagi:</b> Brak uwag]]></description>
      <Point>
        <coordinates>18.564949093559854,54.413149250000004,0</coordinates>
      </Point>
    </Placemark>
    <Placemark>
      <name>Gdańsk, Opacka 23</name>
      <description><![CDATA[<b>Data wybudowania:</b> 2019<br><b>Uwagi:</b> Brak uwag]]></description>
      <Point>
        <coordinates>18.563170092016804,54.414682,0</coordinates>
      </Point>
    </Placemark>
    <Placemark>
      <name>Gdańsk, Opacka 29</name>
      <description><![CDATA[<b>Data wybudowania:</b> 2017<br><b>Uwagi:</b> Brak uwag]]></description>
      <Point>
        <coordinates>18.56276965755358,54.41523,0</coordinates>
      </Point>
    </Placemark>
    <Placemark>
      <name>Gdańsk, Opacka 35</name>
      <description><![CDATA[<b>Data wybudowania:</b> 2018<br><b>Uwagi:</b> Brak uwag]]></description>
      <Point>
        <coordinates>18.563940695982144,54.41548745,0</coordinates>
      </Point>
    </Placemark>
    <Placemark>
      <name>Gdańsk, Opacka 7</name>
      <description><![CDATA[<b>Data wybudowania:</b> 1905<br><b>Uwagi:</b> Brak uwag]]></description>
      <Point>
        <coordinates>18.556026,54.411893,0</coordinates>
      </Point>
    </Placemark>
    <Placemark>
      <name>Gdańsk, Orkana 5</name>
      <description><![CDATA[<b>Data wybudowania:</b> 1959<br><b>Uwagi:</b> Brak uwag]]></description>
      <Point>
        <coordinates>18.564416,54.402982,0</coordinates>
      </Point>
    </Placemark>
    <Placemark>
      <name>Gdańsk, Osiedle Wojska Polskiego</name>
      <description><![CDATA[<b>Data wybudowania:</b> 1955<br><b>Uwagi:</b> między Wojska Polskiego, Chrzanowskiego, Sychty a Żeglarską]]></description>
      <Point>
        <coordinates>18.580413,54.387086,0</coordinates>
      </Point>
    </Placemark>
    <Placemark>
      <name>Gdańsk, Ostroroga 3</name>
      <description><![CDATA[<b>Data wybudowania:</b> 1975<br><b>Uwagi:</b> Brak uwag]]></description>
      <Point>
        <coordinates>18.624409347617913,54.3867384,0</coordinates>
      </Point>
    </Placemark>
    <Placemark>
      <name>Gdańsk, Ostroroga 5</name>
      <description><![CDATA[<b>Data wybudowania:</b> 1976<br><b>Uwagi:</b> Brak uwag]]></description>
      <Point>
        <coordinates>18.624191324684947,54.386157049999994,0</coordinates>
      </Point>
    </Placemark>
    <Placemark>
      <name>Gdańsk, Pachołek, Słoneczna 13</name>
      <description><![CDATA[<b>Data wybudowania:</b> 1940<br><b>Uwagi:</b> przed wojną drewniany]]></description>
      <Point>
        <coordinates>18.552087226702334,54.40658725,0</coordinates>
      </Point>
    </Placemark>
    <Placemark>
      <name>Gdańsk, Paderewskiego 4</name>
      <description><![CDATA[<b>Data wybudowania:</b> 1976<br><b>Uwagi:</b> Brak uwag]]></description>
      <Point>
        <coordinates>18.608034,54.352391,0</coordinates>
      </Point>
    </Placemark>
    <Placemark>
      <name>Gdańsk, Paneckiego 19</name>
      <description><![CDATA[<b>Data wybudowania:</b> 1977<br><b>Uwagi:</b> wg tabliczki w windzie]]></description>
      <Point>
        <coordinates>18.570377690702266,54.39286715,0</coordinates>
      </Point>
    </Placemark>
    <Placemark>
      <name>Gdańsk, Park Millenium</name>
      <description><![CDATA[<b>Data wybudowania:</b> 1998<br><b>Uwagi:</b> Brak uwag]]></description>
      <Point>
        <coordinates>18.613539445585978,54.3971107,0</coordinates>
      </Point>
    </Placemark>
    <Placemark>
      <name>Gdańsk, Park Oliwski, Palmiarnia</name>
      <description><![CDATA[<b>Data wybudowania:</b> 2022<br><b>Uwagi:</b> Brak uwag]]></description>
      <Point>
        <coordinates>18.562431,54.410769,0</coordinates>
      </Point>
    </Placemark>
    <Placemark>
      <name>Gdańsk, Partyzantów 14</name>
      <description><![CDATA[<b>Data wybudowania:</b> 2011<br><b>Uwagi:</b> Brak uwag]]></description>
      <Point>
        <coordinates>18.605118709508226,54.37736155,0</coordinates>
      </Point>
    </Placemark>
    <Placemark>
      <name>Gdańsk, Partyzantów 7</name>
      <description><![CDATA[<b>Data wybudowania:</b> 1927<br><b>Uwagi:</b> Brak uwag]]></description>
      <Point>
        <coordinates>18.605405322023042,54.3780283,0</coordinates>
      </Point>
    </Placemark>
    <Placemark>
      <name>Gdańsk, Pastelowa 12</name>
      <description><![CDATA[<b>Data wybudowania:</b> 2021<br><b>Uwagi:</b> Brak uwag]]></description>
      <Point>
        <coordinates>18.611534,54.310143,0</coordinates>
      </Point>
    </Placemark>
    <Placemark>
      <name>Gdańsk, Pawła Gdańca 10</name>
      <description><![CDATA[<b>Data wybudowania:</b> 1977<br><b>Uwagi:</b> Brak uwag]]></description>
      <Point>
        <coordinates>18.5548447,54.4137092,0</coordinates>
      </Point>
    </Placemark>
    <Placemark>
      <name>Gdańsk, Pawła Gdańca 4</name>
      <description><![CDATA[<b>Data wybudowania:</b> 1978<br><b>Uwagi:</b> Brak uwag]]></description>
      <Point>
        <coordinates>18.5566901,54.4136929,0</coordinates>
      </Point>
    </Placemark>
    <Placemark>
      <name>Gdańsk, Pawła Gdańca 6</name>
      <description><![CDATA[<b>Data wybudowania:</b> 1975<br><b>Uwagi:</b> 1975 (długopisem w windzie)]]></description>
      <Point>
        <coordinates>18.555874,54.4136101,0</coordinates>
      </Point>
    </Placemark>
    <Placemark>
      <name>Gdańsk, Pegaza</name>
      <description><![CDATA[<b>Data wybudowania:</b> 1995<br><b>Uwagi:</b> Szczepan Baum, Andrzej Kwieciński ; kościół Chrystusa Zbawiciela]]></description>
      <Point>
        <coordinates>18.464220,54.424920,0</coordinates>
      </Point>
    </Placemark>
    <Placemark>
      <name>Gdańsk, Pelplińska 6</name>
      <description><![CDATA[<b>Data wybudowania:</b> 1920<br><b>Uwagi:</b> Brak uwag]]></description>
      <Point>
        <coordinates>18.571111,54.417044,0</coordinates>
      </Point>
    </Placemark>
    <Placemark>
      <name>Gdańsk, Pestalozziego 7/9</name>
      <description><![CDATA[<b>Data wybudowania:</b> 1929<br><b>Uwagi:</b> M. Kiessling , A. Krüger]]></description>
      <Point>
        <coordinates>18.609349559722997,54.385393750000006,0</coordinates>
      </Point>
    </Placemark>
    <Placemark>
      <name>Gdańsk, Piastowska 100</name>
      <description><![CDATA[<b>Data wybudowania:</b> 1969<br><b>Uwagi:</b> Danuta Olędzka ; (mural: Medicine , Ruch i Woda, 2024)]]></description>
      <Point>
        <coordinates>18.591924068831048,54.416903899999994,0</coordinates>
      </Point>
    </Placemark>
    <Placemark>
      <name>Gdańsk, Piastowska 104</name>
      <description><![CDATA[<b>Data wybudowania:</b> 1965<br><b>Uwagi:</b> Janusz Morek; 1964-1965]]></description>
      <Point>
        <coordinates>18.59240895,54.4151018,0</coordinates>
      </Point>
    </Placemark>
    <Placemark>
      <name>Gdańsk, Piastowska 106D</name>
      <description><![CDATA[<b>Data wybudowania:</b> 1965<br><b>Uwagi:</b> Janusz Morek; 1964-1965]]></description>
      <Point>
        <coordinates>18.594443483010643,54.415373599999995,0</coordinates>
      </Point>
    </Placemark>
    <Placemark>
      <name>Gdańsk, Piastowska 186A</name>
      <description><![CDATA[<b>Data wybudowania:</b> 2019<br><b>Uwagi:</b> Brak uwag]]></description>
      <Point>
        <coordinates>18.575867733746268,54.41316358037883,0</coordinates>
      </Point>
    </Placemark>
    <Placemark>
      <name>Gdańsk, Piastowska 22</name>
      <description><![CDATA[<b>Data wybudowania:</b> 1910<br><b>Uwagi:</b> Brak uwag]]></description>
      <Point>
        <coordinates>18.572529800000005,54.4119451,0</coordinates>
      </Point>
    </Placemark>
    <Placemark>
      <name>Gdańsk, Piastowska 23</name>
      <description><![CDATA[<b>Data wybudowania:</b> 1915<br><b>Uwagi:</b> ok. 1915]]></description>
      <Point>
        <coordinates>18.572881,54.412457,0</coordinates>
      </Point>
    </Placemark>
    <Placemark>
      <name>Gdańsk, Piastowska 3</name>
      <description><![CDATA[<b>Data wybudowania:</b> 1923<br><b>Uwagi:</b> Brak uwag]]></description>
      <Point>
        <coordinates>18.567999386206438,54.411411150000006,0</coordinates>
      </Point>
    </Placemark>
    <Placemark>
      <name>Gdańsk, Piastowska 33</name>
      <description><![CDATA[<b>Data wybudowania:</b> 1908<br><b>Uwagi:</b> przed 1909]]></description>
      <Point>
        <coordinates>18.574523,54.412995,0</coordinates>
      </Point>
    </Placemark>
    <Placemark>
      <name>Gdańsk, Piastowska 35/37</name>
      <description><![CDATA[<b>Data wybudowania:</b> 1972<br><b>Uwagi:</b> Brak uwag]]></description>
      <Point>
        <coordinates>18.574256969457736,54.41340785,0</coordinates>
      </Point>
    </Placemark>
    <Placemark>
      <name>Gdańsk, Piastowska 36</name>
      <description><![CDATA[<b>Data wybudowania:</b> 1912<br><b>Uwagi:</b> Brak uwag]]></description>
      <Point>
        <coordinates>18.575494,54.412814,0</coordinates>
      </Point>
    </Placemark>
    <Placemark>
      <name>Gdańsk, Piastowska 38</name>
      <description><![CDATA[<b>Data wybudowania:</b> 1911<br><b>Uwagi:</b> arch. Kurt Arnheim
]]></description>
      <Point>
        <coordinates>18.575826,54.412945,0</coordinates>
      </Point>
    </Placemark>
    <Placemark>
      <name>Gdańsk, Piastowska 40</name>
      <description><![CDATA[<b>Data wybudowania:</b> 1912<br><b>Uwagi:</b> ok. 1912]]></description>
      <Point>
        <coordinates>18.576411,54.413133,0</coordinates>
      </Point>
    </Placemark>
    <Placemark>
      <name>Gdańsk, Piastowska 48</name>
      <description><![CDATA[<b>Data wybudowania:</b> 1912<br><b>Uwagi:</b> Brak uwag]]></description>
      <Point>
        <coordinates>18.578605,54.413726,0</coordinates>
      </Point>
    </Placemark>
    <Placemark>
      <name>Gdańsk, Piastowska 53</name>
      <description><![CDATA[<b>Data wybudowania:</b> 1958<br><b>Uwagi:</b> Brak uwag]]></description>
      <Point>
        <coordinates>18.578449,54.414267,0</coordinates>
      </Point>
    </Placemark>
    <Placemark>
      <name>Gdańsk, Piastowska 7/9</name>
      <description><![CDATA[<b>Data wybudowania:</b> 2013<br><b>Uwagi:</b> Brak uwag]]></description>
      <Point>
        <coordinates>18.596782059053517,54.4183875210595,0</coordinates>
      </Point>
    </Placemark>
    <Placemark>
      <name>Gdańsk, Piastowska 90</name>
      <description><![CDATA[<b>Data wybudowania:</b> 1969<br><b>Uwagi:</b> Danuta Olędzka; 1966-69?]]></description>
      <Point>
        <coordinates>18.590751740701087,54.41662585,0</coordinates>
      </Point>
    </Placemark>
    <Placemark>
      <name>Gdańsk, Piastowska 94</name>
      <description><![CDATA[<b>Data wybudowania:</b> 1965<br><b>Uwagi:</b> Janusz Morek; 1964-1965]]></description>
      <Point>
        <coordinates>18.5909719,54.41488605,0</coordinates>
      </Point>
    </Placemark>
    <Placemark>
      <name>Gdańsk, Piastowska 96</name>
      <description><![CDATA[<b>Data wybudowania:</b> 1965<br><b>Uwagi:</b> Janusz Morek; 1964-1966]]></description>
      <Point>
        <coordinates>18.59168305,54.41499555,0</coordinates>
      </Point>
    </Placemark>
    <Placemark>
      <name>Gdańsk, Piecewska 20A</name>
      <description><![CDATA[<b>Data wybudowania:</b> 1978<br><b>Uwagi:</b> Brak uwag]]></description>
      <Point>
        <coordinates>18.5897298,54.3592017,0</coordinates>
      </Point>
    </Placemark>
    <Placemark>
      <name>Gdańsk, Piecewska 29A</name>
      <description><![CDATA[<b>Data wybudowania:</b> 2022<br><b>Uwagi:</b> MWH-architekci A.Wyszynski]]></description>
      <Point>
        <coordinates>18.59112354481127,54.35746531610108,0</coordinates>
      </Point>
    </Placemark>
    <Placemark>
      <name>Gdańsk, Piecewska 31</name>
      <description><![CDATA[<b>Data wybudowania:</b> 2022<br><b>Uwagi:</b> MWH-architekci A.Wyszynski]]></description>
      <Point>
        <coordinates>18.582162041044565,54.35883655,0</coordinates>
      </Point>
    </Placemark>
    <Placemark>
      <name>Gdańsk, Piecewska 33</name>
      <description><![CDATA[<b>Data wybudowania:</b> 2012<br><b>Uwagi:</b> Brak uwag]]></description>
      <Point>
        <coordinates>18.5815879745509,54.35915455,0</coordinates>
      </Point>
    </Placemark>
    <Placemark>
      <name>Gdańsk, Pilotów 20</name>
      <description><![CDATA[<b>Data wybudowania:</b> 1974<br><b>Uwagi:</b> Brak uwag]]></description>
      <Point>
        <coordinates>18.587663026675134,54.395832,0</coordinates>
      </Point>
    </Placemark>
    <Placemark>
      <name>Gdańsk, Plac Dwóch Miast</name>
      <description><![CDATA[<b>Data wybudowania:</b> 2010<br><b>Uwagi:</b> Brak uwag]]></description>
      <Point>
        <coordinates>18.579877656399518,54.42571242883127,0</coordinates>
      </Point>
    </Placemark>
    <Placemark>
      <name>Gdańsk, plac Najświętszej Maryi Panny 1</name>
      <description><![CDATA[<b>Data wybudowania:</b> 1976<br><b>Uwagi:</b> Brak uwag]]></description>
      <Point>
        <coordinates>18.583980017670786,54.4075717,0</coordinates>
      </Point>
    </Placemark>
    <Placemark>
      <name>Gdańsk, Plac Obrońców Poczty Polskiej 1/2</name>
      <description><![CDATA[<b>Data wybudowania:</b> 1844<br><b>Uwagi:</b> początkowo szpital garnizonowy]]></description>
      <Point>
        <coordinates>18.656894589267978,54.35510375,0</coordinates>
      </Point>
    </Placemark>
    <Placemark>
      <name>Gdańsk, Plac Porozumienia Gdańskiego 1</name>
      <description><![CDATA[<b>Data wybudowania:</b> 1878<br><b>Uwagi:</b> 1875/1878]]></description>
      <Point>
        <coordinates>18.653073115881,54.36193635,0</coordinates>
      </Point>
    </Placemark>
    <Placemark>
      <name>Gdańsk, Plac Wałowy 14</name>
      <description><![CDATA[<b>Data wybudowania:</b> 1867<br><b>Uwagi:</b> Brak uwag]]></description>
      <Point>
        <coordinates>18.646831653676692,54.34123185,0</coordinates>
      </Point>
    </Placemark>
    <Placemark>
      <name>Gdańsk, Platynowa 6F</name>
      <description><![CDATA[<b>Data wybudowania:</b> 1996<br><b>Uwagi:</b> policja]]></description>
      <Point>
        <coordinates>18.61410632250378,54.3248064,0</coordinates>
      </Point>
    </Placemark>
    <Placemark>
      <name>Gdańsk, Pniewskiego 1</name>
      <description><![CDATA[<b>Data wybudowania:</b> 1895<br><b>Uwagi:</b> Brak uwag]]></description>
      <Point>
        <coordinates>18.606953,54.376282,0</coordinates>
      </Point>
    </Placemark>
    <Placemark>
      <name>Gdańsk, Poczty Gdańskiej 7</name>
      <description><![CDATA[<b>Data wybudowania:</b> 1902<br><b>Uwagi:</b> Brak uwag]]></description>
      <Point>
        <coordinates>18.569715200191045,54.40976834999999,0</coordinates>
      </Point>
    </Placemark>
    <Placemark>
      <name>Gdańsk, Podhalańska 15c</name>
      <description><![CDATA[<b>Data wybudowania:</b> 1928<br><b>Uwagi:</b> Brak uwag]]></description>
      <Point>
        <coordinates>18.551525,54.406145,0</coordinates>
      </Point>
    </Placemark>
    <Placemark>
      <name>Gdańsk, Podhalańska 16</name>
      <description><![CDATA[<b>Data wybudowania:</b> 1910<br><b>Uwagi:</b> ok. 1910]]></description>
      <Point>
        <coordinates>18.553494,54.406464,0</coordinates>
      </Point>
    </Placemark>
    <Placemark>
      <name>Gdańsk, Podhalańska 6</name>
      <description><![CDATA[<b>Data wybudowania:</b> 1908<br><b>Uwagi:</b> ok. 1908]]></description>
      <Point>
        <coordinates>18.556273,54.406173,0</coordinates>
      </Point>
    </Placemark>
    <Placemark>
      <name>Gdańsk, Podhalańska 18</name>
      <description><![CDATA[<b>Data wybudowania:</b> 1906<br><b>Uwagi:</b> Brak uwag]]></description>
      <Point>
        <coordinates>18.554122,54.406592,0</coordinates>
      </Point>
    </Placemark>
    <Placemark>
      <name>Gdańsk, Podwale Przedmiejskie</name>
      <description><![CDATA[<b>Data wybudowania:</b> 1959<br><b>Uwagi:</b> Brak uwag]]></description>
      <Point>
        <coordinates>18.668916219337913,54.34632509998074,0</coordinates>
      </Point>
    </Placemark>
    <Placemark>
      <name>Gdańsk, Podwale Staromiejskie 70</name>
      <description><![CDATA[<b>Data wybudowania:</b> 1999<br><b>Uwagi:</b> NFZ]]></description>
      <Point>
        <coordinates>18.654557,54.353722,0</coordinates>
      </Point>
    </Placemark>
    <Placemark>
      <name>Gdańsk, Polanki 1</name>
      <description><![CDATA[<b>Data wybudowania:</b> Brak danych<br><b>Uwagi:</b> Brak uwag]]></description>
      <Point>
        <coordinates>18.559373919920567,54.40871435,0</coordinates>
      </Point>
    </Placemark>
    <Placemark>
      <name>Gdańsk, Polanki 117</name>
      <description><![CDATA[<b>Data wybudowania:</b> II poł. XVII wieku<br><b>Uwagi:</b> Brak uwag]]></description>
      <Point>
        <coordinates>18.566567637512623,54.393417850000006,0</coordinates>
      </Point>
    </Placemark>
    <Placemark>
      <name>Gdańsk, Polanki 117 - 7 Szpital Marynarki Wojennej</name>
      <description><![CDATA[<b>Data wybudowania:</b> 1954<br><b>Uwagi:</b> ok. 1954]]></description>
      <Point>
        <coordinates>18.566567637512623,54.393417850000006,0</coordinates>
      </Point>
    </Placemark>
    <Placemark>
      <name>Gdańsk, Polanki 121</name>
      <description><![CDATA[<b>Data wybudowania:</b> 1978<br><b>Uwagi:</b> DPS]]></description>
      <Point>
        <coordinates>18.563982,54.397119,0</coordinates>
      </Point>
    </Placemark>
    <Placemark>
      <name>Gdańsk, Polanki 131</name>
      <description><![CDATA[<b>Data wybudowania:</b> 1938<br><b>Uwagi:</b> Brak uwag]]></description>
      <Point>
        <coordinates>18.558952522642606,54.4073611,0</coordinates>
      </Point>
    </Placemark>
    <Placemark>
      <name>Gdańsk, Polanki 49</name>
      <description><![CDATA[<b>Data wybudowania:</b> 1900<br><b>Uwagi:</b> Brak uwag]]></description>
      <Point>
        <coordinates>18.564920,54.396981,0</coordinates>
      </Point>
    </Placemark>
    <Placemark>
      <name>Gdańsk, Polanki 54</name>
      <description><![CDATA[<b>Data wybudowania:</b> 1997<br><b>Uwagi:</b> Brak uwag]]></description>
      <Point>
        <coordinates>18.566390,54.396078,0</coordinates>
      </Point>
    </Placemark>
    <Placemark>
      <name>Gdańsk, pomnik Świętopełka</name>
      <description><![CDATA[<b>Data wybudowania:</b> 2010<br><b>Uwagi:</b> Wawrzyniec Samp]]></description>
      <Point>
        <coordinates>18.653264,54.351753,0</coordinates>
      </Point>
    </Placemark>
    <Placemark>
      <name>Gdańsk, Pomnik Tatara RP</name>
      <description><![CDATA[<b>Data wybudowania:</b> 2010<br><b>Uwagi:</b> Brak uwag]]></description>
      <Point>
        <coordinates>18.6270489,54.3222602,0</coordinates>
      </Point>
    </Placemark>
    <Placemark>
      <name>Gdańsk, Pomorska 1</name>
      <description><![CDATA[<b>Data wybudowania:</b> 1958<br><b>Uwagi:</b> koniec lat 50.]]></description>
      <Point>
        <coordinates>18.567109,54.414702,0</coordinates>
      </Point>
    </Placemark>
    <Placemark>
      <name>Gdańsk, Pomorska 13</name>
      <description><![CDATA[<b>Data wybudowania:</b> 1992<br><b>Uwagi:</b> Brak uwag]]></description>
      <Point>
        <coordinates>18.5743577,54.4178352,0</coordinates>
      </Point>
    </Placemark>
    <Placemark>
      <name>Gdańsk, Pomorska 16</name>
      <description><![CDATA[<b>Data wybudowania:</b> 1975<br><b>Uwagi:</b> winda potwierdza]]></description>
      <Point>
        <coordinates>18.576391155009325,54.41839465,0</coordinates>
      </Point>
    </Placemark>
    <Placemark>
      <name>Gdańsk, Pomorska 2</name>
      <description><![CDATA[<b>Data wybudowania:</b> 1958<br><b>Uwagi:</b> koniec lat 50.]]></description>
      <Point>
        <coordinates>18.567774,54.414927,0</coordinates>
      </Point>
    </Placemark>
    <Placemark>
      <name>Gdańsk, Pomorska 21</name>
      <description><![CDATA[<b>Data wybudowania:</b> 1975<br><b>Uwagi:</b> 1974-1975]]></description>
      <Point>
        <coordinates>18.578686,54.419080,0</coordinates>
      </Point>
    </Placemark>
    <Placemark>
      <name>Gdańsk, Pomorska 22A</name>
      <description><![CDATA[<b>Data wybudowania:</b> 1975<br><b>Uwagi:</b> Brak uwag]]></description>
      <Point>
        <coordinates>18.580292052999617,54.41972925,0</coordinates>
      </Point>
    </Placemark>
    <Placemark>
      <name>Gdańsk, Pomorska 82</name>
      <description><![CDATA[<b>Data wybudowania:</b> 1969<br><b>Uwagi:</b> może 1970 skończone]]></description>
      <Point>
        <coordinates>18.583130620737933,54.41939985,0</coordinates>
      </Point>
    </Placemark>
    <Placemark>
      <name>Gdańsk, Pomorska 96</name>
      <description><![CDATA[<b>Data wybudowania:</b> 1977<br><b>Uwagi:</b> Brak uwag]]></description>
      <Point>
        <coordinates>18.576683997220314,54.41726705,0</coordinates>
      </Point>
    </Placemark>
    <Placemark>
      <name>Gdańsk, Powstańców Warszawskich 3</name>
      <description><![CDATA[<b>Data wybudowania:</b> 1975<br><b>Uwagi:</b> Brak uwag]]></description>
      <Point>
        <coordinates>18.634323901877618,54.3523844,0</coordinates>
      </Point>
    </Placemark>
    <Placemark>
      <name>Gdańsk, Powstańców Wielkopolskich 5D</name>
      <description><![CDATA[<b>Data wybudowania:</b> 2022<br><b>Uwagi:</b> Brak uwag]]></description>
      <Point>
        <coordinates>18.615938224152124,54.39878273039011,0</coordinates>
      </Point>
    </Placemark>
    <Placemark>
      <name>Gdańsk, Prezydenta Lecha Kaczyńskiego 10D</name>
      <description><![CDATA[<b>Data wybudowania:</b> 1965<br><b>Uwagi:</b> Janusz Morek; 1964-1966]]></description>
      <Point>
        <coordinates>18.59594985,54.4151057,0</coordinates>
      </Point>
    </Placemark>
    <Placemark>
      <name>Gdańsk, Prezydenta Lecha Kaczyńskiego 18</name>
      <description><![CDATA[<b>Data wybudowania:</b> 2022<br><b>Uwagi:</b> Brak uwag]]></description>
      <Point>
        <coordinates>18.599633628312638,54.4136941,0</coordinates>
      </Point>
    </Placemark>
    <Placemark>
      <name>Gdańsk, Prezydenta Lecha Kaczyńskiego 22A</name>
      <description><![CDATA[<b>Data wybudowania:</b> 2008<br><b>Uwagi:</b> Brak uwag]]></description>
      <Point>
        <coordinates>18.60118819194847,54.41127795,0</coordinates>
      </Point>
    </Placemark>
    <Placemark>
      <name>Gdańsk, Prezydenta Lecha Kaczyńskiego 24</name>
      <description><![CDATA[<b>Data wybudowania:</b> 2009<br><b>Uwagi:</b> Brak uwag]]></description>
      <Point>
        <coordinates>18.600087546907808,54.4109754,0</coordinates>
      </Point>
    </Placemark>
    <Placemark>
      <name>Gdańsk, Prezydenta Lecha Kaczyńskiego 24A</name>
      <description><![CDATA[<b>Data wybudowania:</b> 2007<br><b>Uwagi:</b> Brak uwag]]></description>
      <Point>
        <coordinates>18.599776371791016,54.411365,0</coordinates>
      </Point>
    </Placemark>
    <Placemark>
      <name>Gdańsk, Prezydenta Lecha Kaczyńskiego 2D</name>
      <description><![CDATA[<b>Data wybudowania:</b> 1965<br><b>Uwagi:</b> Janusz Morek; 1964-1966]]></description>
      <Point>
        <coordinates>18.59479015,54.416581199999996,0</coordinates>
      </Point>
    </Placemark>
    <Placemark>
      <name>Gdańsk, Prezydenta Lecha Kaczyńskiego 4</name>
      <description><![CDATA[<b>Data wybudowania:</b> 1965<br><b>Uwagi:</b> Janusz Morek; 1964-1967]]></description>
      <Point>
        <coordinates>18.5958928,54.41624745,0</coordinates>
      </Point>
    </Placemark>
    <Placemark>
      <name>Gdańsk, Prezydenta Lecha Kaczyńskiego 6</name>
      <description><![CDATA[<b>Data wybudowania:</b> 1965<br><b>Uwagi:</b> Janusz Morek; 1964-1968]]></description>
      <Point>
        <coordinates>18.595488449999998,54.415842850000004,0</coordinates>
      </Point>
    </Placemark>
    <Placemark>
      <name>Gdańsk, Prezydenta Lecha Kaczyńskiego 8D</name>
      <description><![CDATA[<b>Data wybudowania:</b> 1965<br><b>Uwagi:</b> Janusz Morek; 1964-1969]]></description>
      <Point>
        <coordinates>18.59590542727956,54.41548515,0</coordinates>
      </Point>
    </Placemark>
    <Placemark>
      <name>Gdańsk, Przepompownia Ścieków</name>
      <description><![CDATA[<b>Data wybudowania:</b> 1871<br><b>Uwagi:</b> Brak uwag]]></description>
      <Point>
        <coordinates>18.662687,54.353511,0</coordinates>
      </Point>
    </Placemark>
    <Placemark>
      <name>Gdańsk, Przywidzka 8</name>
      <description><![CDATA[<b>Data wybudowania:</b> 2005<br><b>Uwagi:</b> Brak uwag]]></description>
      <Point>
        <coordinates>18.55221999960567,54.319657,0</coordinates>
      </Point>
    </Placemark>
    <Placemark>
      <name>Gdańsk, Pstrowskiego</name>
      <description><![CDATA[<b>Data wybudowania:</b> 1948<br><b>Uwagi:</b> Kolonia Fińskich Domków]]></description>
      <Point>
        <coordinates>18.617747624133692,54.39209223536314,0</coordinates>
      </Point>
    </Placemark>
    <Placemark>
      <name>Gdańsk, Pszenna 12</name>
      <description><![CDATA[<b>Data wybudowania:</b> 2020<br><b>Uwagi:</b> KD Kozikowski Design]]></description>
      <Point>
        <coordinates>18.6571775,54.3462517,0</coordinates>
      </Point>
    </Placemark>
    <Placemark>
      <name>Gdańsk, Pułaskiego 7, 13 i 19</name>
      <description><![CDATA[<b>Data wybudowania:</b> 1975<br><b>Uwagi:</b> 1974-1976]]></description>
      <Point>
        <coordinates>18.633746,54.408463,0</coordinates>
      </Point>
    </Placemark>
    <Placemark>
      <name>Gdańsk, pw. Św. Urszuli Ledóchowskiej</name>
      <description><![CDATA[<b>Data wybudowania:</b> 1995<br><b>Uwagi:</b> Brak uwag]]></description>
      <Point>
        <coordinates>18.614122776594748,54.33738845,0</coordinates>
      </Point>
    </Placemark>
    <Placemark>
      <name>Gdańsk, Racławicka 17</name>
      <description><![CDATA[<b>Data wybudowania:</b> 1952<br><b>Uwagi:</b> dawny Robotniczy D Stoczniowca (hotelowiec)]]></description>
      <Point>
        <coordinates>18.629014199999997,54.386210899999995,0</coordinates>
      </Point>
    </Placemark>
    <Placemark>
      <name>Gdańsk, Radna</name>
      <description><![CDATA[<b>Data wybudowania:</b> 1927<br><b>Uwagi:</b> Dawna Zajezdnia Tramwajowa]]></description>
      <Point>
        <coordinates>18.655920999478067,54.3398259525284,0</coordinates>
      </Point>
    </Placemark>
    <Placemark>
      <name>Gdańsk, Rajska 10</name>
      <description><![CDATA[<b>Data wybudowania:</b> 2003<br><b>Uwagi:</b> CH Medison, Szczepan Baum z Andrzejem Kwiecińskim, Elżbietą Bieszk i Marcinem Woyciechowskim. Gedanopedia podaje 2002 rok]]></description>
      <Point>
        <coordinates>18.6495126,54.3562937,0</coordinates>
      </Point>
    </Placemark>
    <Placemark>
      <name>Gdańsk, Rajska 6</name>
      <description><![CDATA[<b>Data wybudowania:</b> 1974<br><b>Uwagi:</b> Dom Technika NOT, Szczepan Baum, Danuta Olędzka ]]></description>
      <Point>
        <coordinates>18.650736,54.355300,0</coordinates>
      </Point>
    </Placemark>
    <Placemark>
      <name>Gdańsk, Rajska 8</name>
      <description><![CDATA[<b>Data wybudowania:</b> 2019<br><b>Uwagi:</b> Brak uwag]]></description>
      <Point>
        <coordinates>18.649633587664614,54.35539235,0</coordinates>
      </Point>
    </Placemark>
    <Placemark>
      <name>Gdańsk, Rakoczego</name>
      <description><![CDATA[<b>Data wybudowania:</b> 2010<br><b>Uwagi:</b> Lidl]]></description>
      <Point>
        <coordinates>18.588406,54.356517,0</coordinates>
      </Point>
    </Placemark>
    <Placemark>
      <name>Gdańsk, Rakoczego 9</name>
      <description><![CDATA[<b>Data wybudowania:</b> 2017<br><b>Uwagi:</b> Brak uwag]]></description>
      <Point>
        <coordinates>18.58048073496463,54.35832,0</coordinates>
      </Point>
    </Placemark>
    <Placemark>
      <name>Gdańsk, Reja 25</name>
      <description><![CDATA[<b>Data wybudowania:</b> 1985<br><b>Uwagi:</b> Atomowa szkoła]]></description>
      <Point>
        <coordinates>18.631128,54.381074,0</coordinates>
      </Point>
    </Placemark>
    <Placemark>
      <name>Gdańsk, Robotnicza 16</name>
      <description><![CDATA[<b>Data wybudowania:</b> 2020<br><b>Uwagi:</b> Brak uwag]]></description>
      <Point>
        <coordinates>18.6468616,54.3626375,0</coordinates>
      </Point>
    </Placemark>
    <Placemark>
      <name>Gdańsk, Rogaczewskiego 55</name>
      <description><![CDATA[<b>Data wybudowania:</b> 1932<br><b>Uwagi:</b> Brak uwag]]></description>
      <Point>
        <coordinates>18.637592005654977,54.34946945,0</coordinates>
      </Point>
    </Placemark>
    <Placemark>
      <name>Gdańsk, Rogaczewskiego 9/19</name>
      <description><![CDATA[<b>Data wybudowania:</b> 1887<br><b>Uwagi:</b> Brak uwag]]></description>
      <Point>
        <coordinates>18.640300348360448,54.348819250000005,0</coordinates>
      </Point>
    </Placemark>
    <Placemark>
      <name>Gdańsk, Romana Wyrobka</name>
      <description><![CDATA[<b>Data wybudowania:</b> 1985<br><b>Uwagi:</b> Brak uwag]]></description>
      <Point>
        <coordinates>18.575720349771633,54.35984136725178,0</coordinates>
      </Point>
    </Placemark>
    <Placemark>
      <name>Gdańsk, Rybaki Górne, zbiornik gazowni</name>
      <description><![CDATA[<b>Data wybudowania:</b> 1926<br><b>Uwagi:</b> zbiornik gazowni]]></description>
      <Point>
        <coordinates>18.659302,54.359200,0</coordinates>
      </Point>
    </Placemark>
    <Placemark>
      <name>Gdańsk, Rybińskiego 8</name>
      <description><![CDATA[<b>Data wybudowania:</b> 1987<br><b>Uwagi:</b> Brak uwag]]></description>
      <Point>
        <coordinates>18.564700,54.409848,0</coordinates>
      </Point>
    </Placemark>
    <Placemark>
      <name>Gdańsk, Rzeczypospolitej 1</name>
      <description><![CDATA[<b>Data wybudowania:</b> 1975<br><b>Uwagi:</b> Brak uwag]]></description>
      <Point>
        <coordinates>18.59433512094158,54.40290805,0</coordinates>
      </Point>
    </Placemark>
    <Placemark>
      <name>Gdańsk, Rzeczypospolitej 4a</name>
      <description><![CDATA[<b>Data wybudowania:</b> 2014<br><b>Uwagi:</b> Brak uwag]]></description>
      <Point>
        <coordinates>18.589827,54.402134,0</coordinates>
      </Point>
    </Placemark>
    <Placemark>
      <name>Gdańsk, Rzeczypospolitej 4d</name>
      <description><![CDATA[<b>Data wybudowania:</b> 2016<br><b>Uwagi:</b> Brak uwag]]></description>
      <Point>
        <coordinates>18.590932,54.401655,0</coordinates>
      </Point>
    </Placemark>
    <Placemark>
      <name>Gdańsk, Rzeczypospolitej 7</name>
      <description><![CDATA[<b>Data wybudowania:</b> 1975<br><b>Uwagi:</b> Brak uwag]]></description>
      <Point>
        <coordinates>18.594070316860247,54.40146775,0</coordinates>
      </Point>
    </Placemark>
    <Placemark>
      <name>Gdańsk, Rzeczypospolitej 8</name>
      <description><![CDATA[<b>Data wybudowania:</b> 1978<br><b>Uwagi:</b> Brak uwag]]></description>
      <Point>
        <coordinates>18.59119941455421,54.399919999999995,0</coordinates>
      </Point>
    </Placemark>
    <Placemark>
      <name>Gdańsk, Siedleckiego 14</name>
      <description><![CDATA[<b>Data wybudowania:</b> 1984<br><b>Uwagi:</b> Szkoła]]></description>
      <Point>
        <coordinates>18.468425,54.430530,0</coordinates>
      </Point>
    </Placemark>
    <Placemark>
      <name>Gdańsk, Siedlicka 2</name>
      <description><![CDATA[<b>Data wybudowania:</b> 2015<br><b>Uwagi:</b> Centrum Nanotechnologii B,  arch. Antoni Taraszkiewicz z grupy Fort]]></description>
      <Point>
        <coordinates>18.615904,54.372392,0</coordinates>
      </Point>
    </Placemark>
    <Placemark>
      <name>Gdańsk, Sieroca 6</name>
      <description><![CDATA[<b>Data wybudowania:</b> 1699<br><b>Uwagi:</b> Barthel Ranisch]]></description>
      <Point>
        <coordinates>18.65670772667976,54.355684800000006,0</coordinates>
      </Point>
    </Placemark>
    <Placemark>
      <name>Gdańsk, SKM Gdańsk Przymorze-Uniwersytet</name>
      <description><![CDATA[<b>Data wybudowania:</b> 1951<br><b>Uwagi:</b> Początkowo Polanki, od 64 Przymorze, od 2004 ob.nazwa]]></description>
      <Point>
        <coordinates>18.576223,54.401241,0</coordinates>
      </Point>
    </Placemark>
    <Placemark>
      <name>Gdańsk, Słoneczna 14</name>
      <description><![CDATA[<b>Data wybudowania:</b> 1940<br><b>Uwagi:</b> Brak uwag]]></description>
      <Point>
        <coordinates>18.551984154042266,54.406795599999995,0</coordinates>
      </Point>
    </Placemark>
    <Placemark>
      <name>Gdańsk, Słoneczna 15</name>
      <description><![CDATA[<b>Data wybudowania:</b> 1910<br><b>Uwagi:</b> Brak uwag]]></description>
      <Point>
        <coordinates>18.5518362007055,54.407155,0</coordinates>
      </Point>
    </Placemark>
    <Placemark>
      <name>Gdańsk, Słonimskiego 1</name>
      <description><![CDATA[<b>Data wybudowania:</b> 2012<br><b>Uwagi:</b> Brak uwag]]></description>
      <Point>
        <coordinates>18.590735938446272,54.38411465,0</coordinates>
      </Point>
    </Placemark>
    <Placemark>
      <name>Gdańsk, Słonimskiego 2</name>
      <description><![CDATA[<b>Data wybudowania:</b> 2014<br><b>Uwagi:</b> Brak uwag]]></description>
      <Point>
        <coordinates>18.5899719618822,54.38399215,0</coordinates>
      </Point>
    </Placemark>
    <Placemark>
      <name>Gdańsk, Słowackiego 64</name>
      <description><![CDATA[<b>Data wybudowania:</b> 1978<br><b>Uwagi:</b> Brak uwag]]></description>
      <Point>
        <coordinates>18.580984049999998,54.3787881,0</coordinates>
      </Point>
    </Placemark>
    <Placemark>
      <name>Gdańsk, Słowackiego 69</name>
      <description><![CDATA[<b>Data wybudowania:</b> 2009<br><b>Uwagi:</b> Brak uwag]]></description>
      <Point>
        <coordinates>18.57718456019,54.379063349999996,0</coordinates>
      </Point>
    </Placemark>
    <Placemark>
      <name>Gdańsk, Słowackiego 77</name>
      <description><![CDATA[<b>Data wybudowania:</b> 2021<br><b>Uwagi:</b> Brak uwag]]></description>
      <Point>
        <coordinates>18.576633043804993,54.37925495,0</coordinates>
      </Point>
    </Placemark>
    <Placemark>
      <name>Gdańsk, Słowiańska 28A</name>
      <description><![CDATA[<b>Data wybudowania:</b> 2010<br><b>Uwagi:</b> Brak uwag]]></description>
      <Point>
        <coordinates>18.576054,54.409176,0</coordinates>
      </Point>
    </Placemark>
    <Placemark>
      <name>Gdańsk, Słupska 35</name>
      <description><![CDATA[<b>Data wybudowania:</b> 1932<br><b>Uwagi:</b> Brak uwag]]></description>
      <Point>
        <coordinates>18.57837214842263,54.4008368,0</coordinates>
      </Point>
    </Placemark>
    <Placemark>
      <name>Gdańsk, Smoluchowskiego 17</name>
      <description><![CDATA[<b>Data wybudowania:</b> 2012<br><b>Uwagi:</b> CMI / 2018-21 CMN]]></description>
      <Point>
        <coordinates>18.619561297523106,54.36581055,0</coordinates>
      </Point>
    </Placemark>
    <Placemark>
      <name>Gdańsk, Sobieskiego 13</name>
      <description><![CDATA[<b>Data wybudowania:</b> 2021<br><b>Uwagi:</b> Collegia]]></description>
      <Point>
        <coordinates>18.612594,54.367062,0</coordinates>
      </Point>
    </Placemark>
    <Placemark>
      <name>Gdańsk, Sobieskiego 18</name>
      <description><![CDATA[<b>Data wybudowania:</b> 1905<br><b>Uwagi:</b> budynek obok jest z 1907]]></description>
      <Point>
        <coordinates>18.613608,54.366826,0</coordinates>
      </Point>
    </Placemark>
    <Placemark>
      <name>Gdańsk, Sobieskiego 90</name>
      <description><![CDATA[<b>Data wybudowania:</b> 1940<br><b>Uwagi:</b> Brak uwag]]></description>
      <Point>
        <coordinates>18.610926,54.360676,0</coordinates>
      </Point>
    </Placemark>
    <Placemark>
      <name>Gdańsk, Sobótki 15</name>
      <description><![CDATA[<b>Data wybudowania:</b> 1959<br><b>Uwagi:</b> Brak uwag]]></description>
      <Point>
        <coordinates>18.607526622388978,54.3736272,0</coordinates>
      </Point>
    </Placemark>
    <Placemark>
      <name>Gdańsk, Sosnowa 5</name>
      <description><![CDATA[<b>Data wybudowania:</b> 2018<br><b>Uwagi:</b> Brak uwag]]></description>
      <Point>
        <coordinates>18.601592,54.3775868,0</coordinates>
      </Point>
    </Placemark>
    <Placemark>
      <name>Gdańsk, Spacerowa 48</name>
      <description><![CDATA[<b>Data wybudowania:</b> 1998<br><b>Uwagi:</b> Brak uwag]]></description>
      <Point>
        <coordinates>18.491139027183337,54.42554265,0</coordinates>
      </Point>
    </Placemark>
    <Placemark>
      <name>Gdańsk, Spichlerz Królewski</name>
      <description><![CDATA[<b>Data wybudowania:</b> 1621<br><b>Uwagi:</b> Brak uwag]]></description>
      <Point>
        <coordinates>18.659087,54.352059,0</coordinates>
      </Point>
    </Placemark>
    <Placemark>
      <name>Gdańsk, Srebrniki 7</name>
      <description><![CDATA[<b>Data wybudowania:</b> 2014<br><b>Uwagi:</b> Brak uwag]]></description>
      <Point>
        <coordinates>18.578868,54.376267,0</coordinates>
      </Point>
    </Placemark>
    <Placemark>
      <name>Gdańsk, stadion</name>
      <description><![CDATA[<b>Data wybudowania:</b> 2011<br><b>Uwagi:</b> Brak uwag]]></description>
      <Point>
        <coordinates>18.640366,54.389903,0</coordinates>
      </Point>
    </Placemark>
    <Placemark>
      <name>Gdańsk, Starogardzka 63</name>
      <description><![CDATA[<b>Data wybudowania:</b> 2019<br><b>Uwagi:</b> Pracownia Fort, min. Antoni Taraszkiewicz, 2014, 2017, 2018 i 2019]]></description>
      <Point>
        <coordinates>18.610427,54.302099,0</coordinates>
      </Point>
    </Placemark>
    <Placemark>
      <name>Gdańsk, Starowiejska 62a</name>
      <description><![CDATA[<b>Data wybudowania:</b> 2023<br><b>Uwagi:</b> Brak uwag]]></description>
      <Point>
        <coordinates>18.646044,54.396055,0</coordinates>
      </Point>
    </Placemark>
    <Placemark>
      <name>Gdańsk, Stary Rynek Oliwski 21</name>
      <description><![CDATA[<b>Data wybudowania:</b> 1972<br><b>Uwagi:</b> Brak uwag]]></description>
      <Point>
        <coordinates>18.558387,54.409077,0</coordinates>
      </Point>
    </Placemark>
    <Placemark>
      <name>Gdańsk, Staszica 1</name>
      <description><![CDATA[<b>Data wybudowania:</b> 1906<br><b>Uwagi:</b> Brak uwag]]></description>
      <Point>
        <coordinates>18.596957,54.381488,0</coordinates>
      </Point>
    </Placemark>
    <Placemark>
      <name>Gdańsk, Stągiewna 26</name>
      <description><![CDATA[<b>Data wybudowania:</b> 2015<br><b>Uwagi:</b> Brak uwag]]></description>
      <Point>
        <coordinates>18.658885960217013,54.347595,0</coordinates>
      </Point>
    </Placemark>
    <Placemark>
      <name>Gdańsk, Stągiewna 27</name>
      <description><![CDATA[<b>Data wybudowania:</b> 2024<br><b>Uwagi:</b> Brak uwag]]></description>
      <Point>
        <coordinates>18.6581262,54.3476543,0</coordinates>
      </Point>
    </Placemark>
    <Placemark>
      <name>Gdańsk, Straganiarska 19</name>
      <description><![CDATA[<b>Data wybudowania:</b> 1982<br><b>Uwagi:</b> wtedy renowacja]]></description>
      <Point>
        <coordinates>18.656118,54.352242,0</coordinates>
      </Point>
    </Placemark>
    <Placemark>
      <name>Gdańsk, Straganiarska 27</name>
      <description><![CDATA[<b>Data wybudowania:</b> 1975<br><b>Uwagi:</b> Brak uwag]]></description>
      <Point>
        <coordinates>18.656789,54.352190,0</coordinates>
      </Point>
    </Placemark>
    <Placemark>
      <name>Gdańsk, Straganiarska 28</name>
      <description><![CDATA[<b>Data wybudowania:</b> 1979<br><b>Uwagi:</b> wtedy renowacja, oryginał z 1742]]></description>
      <Point>
        <coordinates>18.656901,54.352161,0</coordinates>
      </Point>
    </Placemark>
    <Placemark>
      <name>Gdańsk, Stryjewskiego 23</name>
      <description><![CDATA[<b>Data wybudowania:</b> 1967<br><b>Uwagi:</b> Brak uwag]]></description>
      <Point>
        <coordinates>18.710320,54.360487,0</coordinates>
      </Point>
    </Placemark>
    <Placemark>
      <name>Gdańsk, Subisława 23</name>
      <description><![CDATA[<b>Data wybudowania:</b> 1975<br><b>Uwagi:</b> Brak uwag]]></description>
      <Point>
        <coordinates>18.57164,54.4201287,0</coordinates>
      </Point>
    </Placemark>
    <Placemark>
      <name>Gdańsk, Subisława 31</name>
      <description><![CDATA[<b>Data wybudowania:</b> 1972<br><b>Uwagi:</b> Brak uwag]]></description>
      <Point>
        <coordinates>18.571028614566714,54.421880200000004,0</coordinates>
      </Point>
    </Placemark>
    <Placemark>
      <name>Gdańsk, Suchanka 33</name>
      <description><![CDATA[<b>Data wybudowania:</b> 2020<br><b>Uwagi:</b> Brak uwag]]></description>
      <Point>
        <coordinates>18.620216529285713,54.334045200000006,0</coordinates>
      </Point>
    </Placemark>
    <Placemark>
      <name>Gdańsk, Suchanka 35</name>
      <description><![CDATA[<b>Data wybudowania:</b> 2020<br><b>Uwagi:</b> Brak uwag]]></description>
      <Point>
        <coordinates>18.620065163656506,54.3349536,0</coordinates>
      </Point>
    </Placemark>
    <Placemark>
      <name>Gdańsk, Sucharskiego</name>
      <description><![CDATA[<b>Data wybudowania:</b> 2025<br><b>Uwagi:</b> BORT]]></description>
      <Point>
        <coordinates>18.68386,54.40318,0</coordinates>
      </Point>
    </Placemark>
    <Placemark>
      <name>Gdańsk, Szafarnia 2/3</name>
      <description><![CDATA[<b>Data wybudowania:</b> 1735<br><b>Uwagi:</b> Krzysztof Strzycki]]></description>
      <Point>
        <coordinates>18.660281569444457,54.350492,0</coordinates>
      </Point>
    </Placemark>
    <Placemark>
      <name>Gdańsk, Szara 7</name>
      <description><![CDATA[<b>Data wybudowania:</b> 1976<br><b>Uwagi:</b> Brak uwag]]></description>
      <Point>
        <coordinates>18.610057,54.348714,0</coordinates>
      </Point>
    </Placemark>
    <Placemark>
      <name>Gdańsk, Szczecińska 8</name>
      <description><![CDATA[<b>Data wybudowania:</b> 2019<br><b>Uwagi:</b> Brak uwag]]></description>
      <Point>
        <coordinates>18.579636422439737,54.4051015,0</coordinates>
      </Point>
    </Placemark>
    <Placemark>
      <name>Gdańsk, Szczęśliwa 3</name>
      <description><![CDATA[<b>Data wybudowania:</b> 1998<br><b>Uwagi:</b> Brak uwag]]></description>
      <Point>
        <coordinates>18.525261235309276,54.351914699999995,0</coordinates>
      </Point>
    </Placemark>
    <Placemark>
      <name>Gdańsk, Szeroka 64/66</name>
      <description><![CDATA[<b>Data wybudowania:</b> 1955<br><b>Uwagi:</b> Odbudowana według projektu Danuty Kirstein]]></description>
      <Point>
        <coordinates>18.656981357442113,54.3504806,0</coordinates>
      </Point>
    </Placemark>
    <Placemark>
      <name>Gdańsk, Szeroka 67/68</name>
      <description><![CDATA[<b>Data wybudowania:</b> 1444<br><b>Uwagi:</b> Brak uwag]]></description>
      <Point>
        <coordinates>18.657483103891245,54.35055955,0</coordinates>
      </Point>
    </Placemark>
    <Placemark>
      <name>Gdańsk, Szeroka 97</name>
      <description><![CDATA[<b>Data wybudowania:</b> 1973<br><b>Uwagi:</b> Brak uwag]]></description>
      <Point>
        <coordinates>18.654458,54.351269,0</coordinates>
      </Point>
    </Placemark>
    <Placemark>
      <name>Gdańsk, Szeroka 98</name>
      <description><![CDATA[<b>Data wybudowania:</b> 2012<br><b>Uwagi:</b> Brak uwag]]></description>
      <Point>
        <coordinates>18.655225,54.351134,0</coordinates>
      </Point>
    </Placemark>
    <Placemark>
      <name>Gdańsk, Sztormowa 7</name>
      <description><![CDATA[<b>Data wybudowania:</b> 1974<br><b>Uwagi:</b> Brak uwag]]></description>
      <Point>
        <coordinates>18.573786364544702,54.42154755,0</coordinates>
      </Point>
    </Placemark>
    <Placemark>
      <name>Gdańsk, Szymanowskiego 14</name>
      <description><![CDATA[<b>Data wybudowania:</b> 2014<br><b>Uwagi:</b> Brak uwag]]></description>
      <Point>
        <coordinates>18.5885114,54.3838213,0</coordinates>
      </Point>
    </Placemark>
    <Placemark>
      <name>Gdańsk, Szymanowskiego 18</name>
      <description><![CDATA[<b>Data wybudowania:</b> 2016<br><b>Uwagi:</b> Brak uwag]]></description>
      <Point>
        <coordinates>18.58737586053806,54.38321655,0</coordinates>
      </Point>
    </Placemark>
    <Placemark>
      <name>Gdańsk, Szymanowskiego 4</name>
      <description><![CDATA[<b>Data wybudowania:</b> 1903<br><b>Uwagi:</b> 1903/2015]]></description>
      <Point>
        <coordinates>18.5921439394332,54.38520715,0</coordinates>
      </Point>
    </Placemark>
    <Placemark>
      <name>gdańsk, Szyprów 3</name>
      <description><![CDATA[<b>Data wybudowania:</b> 1974<br><b>Uwagi:</b> Brak uwag]]></description>
      <Point>
        <coordinates>18.575843819117335,54.42217290000001,0</coordinates>
      </Point>
    </Placemark>
    <Placemark>
      <name>Gdańsk, Śląska 11</name>
      <description><![CDATA[<b>Data wybudowania:</b> 2020<br><b>Uwagi:</b> Brak uwag]]></description>
      <Point>
        <coordinates>18.576204999190566,54.4071345,0</coordinates>
      </Point>
    </Placemark>
    <Placemark>
      <name>Gdańsk, Śląska 11A</name>
      <description><![CDATA[<b>Data wybudowania:</b> 2020<br><b>Uwagi:</b> Brak uwag]]></description>
      <Point>
        <coordinates>18.57589948814229,54.4075605,0</coordinates>
      </Point>
    </Placemark>
    <Placemark>
      <name>Gdańsk, Śląska 12</name>
      <description><![CDATA[<b>Data wybudowania:</b> 2022<br><b>Uwagi:</b> Brak uwag]]></description>
      <Point>
        <coordinates>18.57689566010484,54.406138999999996,0</coordinates>
      </Point>
    </Placemark>
    <Placemark>
      <name>Gdańsk, Śląska 21</name>
      <description><![CDATA[<b>Data wybudowania:</b> 1961<br><b>Uwagi:</b> Brak uwag]]></description>
      <Point>
        <coordinates>18.580449626733486,54.406465600000004,0</coordinates>
      </Point>
    </Placemark>
    <Placemark>
      <name>Gdańsk, Śląska 3</name>
      <description><![CDATA[<b>Data wybudowania:</b> 1907<br><b>Uwagi:</b> gazownia]]></description>
      <Point>
        <coordinates>18.574288791629122,54.406332000000006,0</coordinates>
      </Point>
    </Placemark>
    <Placemark>
      <name>Gdańsk, Śląska 66</name>
      <description><![CDATA[<b>Data wybudowania:</b> 1964<br><b>Uwagi:</b> Brak uwag]]></description>
      <Point>
        <coordinates>18.58454075,54.40614175,0</coordinates>
      </Point>
    </Placemark>
    <Placemark>
      <name>Gdańsk, Śląska 68</name>
      <description><![CDATA[<b>Data wybudowania:</b> 1960<br><b>Uwagi:</b> Brak uwag]]></description>
      <Point>
        <coordinates>18.58528645,54.406685350000004,0</coordinates>
      </Point>
    </Placemark>
    <Placemark>
      <name>Gdańsk, Śląska 9 A</name>
      <description><![CDATA[<b>Data wybudowania:</b> 2020<br><b>Uwagi:</b> Brak uwag]]></description>
      <Point>
        <coordinates>18.583810492747936,54.40667442343273,0</coordinates>
      </Point>
    </Placemark>
    <Placemark>
      <name>Gdańsk, Świętego Ducha</name>
      <description><![CDATA[<b>Data wybudowania:</b> 1704<br><b>Uwagi:</b> Brak uwag]]></description>
      <Point>
        <coordinates>18.656107,54.350163,0</coordinates>
      </Point>
    </Placemark>
    <Placemark>
      <name>Gdańsk, Świętego Ducha 101/103</name>
      <description><![CDATA[<b>Data wybudowania:</b> 1649<br><b>Uwagi:</b> Brak uwag]]></description>
      <Point>
        <coordinates>18.655365,54.350288,0</coordinates>
      </Point>
    </Placemark>
    <Placemark>
      <name>Gdańsk, Świętego Ducha 109</name>
      <description><![CDATA[<b>Data wybudowania:</b> 1967<br><b>Uwagi:</b> 1605 oryginał, renowacja 1957-67]]></description>
      <Point>
        <coordinates>18.655922,54.350219,0</coordinates>
      </Point>
    </Placemark>
    <Placemark>
      <name>Gdańsk, Świętego Ducha 111/113</name>
      <description><![CDATA[<b>Data wybudowania:</b> 1650<br><b>Uwagi:</b> Brak uwag]]></description>
      <Point>
        <coordinates>18.656035,54.350177,0</coordinates>
      </Point>
    </Placemark>
    <Placemark>
      <name>Gdańsk, Świętego Ducha 117/119</name>
      <description><![CDATA[<b>Data wybudowania:</b> 1568<br><b>Uwagi:</b> Brak uwag]]></description>
      <Point>
        <coordinates>18.656287,54.350142,0</coordinates>
      </Point>
    </Placemark>
    <Placemark>
      <name>Gdańsk, Tadeusza Bramińskiego 2</name>
      <description><![CDATA[<b>Data wybudowania:</b> 2022<br><b>Uwagi:</b> Brak uwag]]></description>
      <Point>
        <coordinates>18.585730703638816,54.323068500000005,0</coordinates>
      </Point>
    </Placemark>
    <Placemark>
      <name>Gdańsk, Targ Rybny 6A</name>
      <description><![CDATA[<b>Data wybudowania:</b> 1657<br><b>Uwagi:</b> Brak uwag]]></description>
      <Point>
        <coordinates>18.657344,54.353061,0</coordinates>
      </Point>
    </Placemark>
    <Placemark>
      <name>Gdańsk, Targ Rybny 6A</name>
      <description><![CDATA[<b>Data wybudowania:</b> 1654<br><b>Uwagi:</b> Brak uwag]]></description>
      <Point>
        <coordinates>18.657376,54.353130,0</coordinates>
      </Point>
    </Placemark>
    <Placemark>
      <name>Gdańsk, Targ Sienny 7</name>
      <description><![CDATA[<b>Data wybudowania:</b> 2018<br><b>Uwagi:</b> Brak uwag]]></description>
      <Point>
        <coordinates>18.643381014578367,54.348873600000005,0</coordinates>
      </Point>
    </Placemark>
    <Placemark>
      <name>Gdańsk, Tatrzańska 11</name>
      <description><![CDATA[<b>Data wybudowania:</b> 1977<br><b>Uwagi:</b> Brak uwag]]></description>
      <Point>
        <coordinates>18.553988,54.414118,0</coordinates>
      </Point>
    </Placemark>
    <Placemark>
      <name>Gdańsk, Traugutta 14</name>
      <description><![CDATA[<b>Data wybudowania:</b> 1901<br><b>Uwagi:</b> Brak uwag]]></description>
      <Point>
        <coordinates>18.626772,54.369131,0</coordinates>
      </Point>
    </Placemark>
    <Placemark>
      <name>Gdańsk, Traugutta 92</name>
      <description><![CDATA[<b>Data wybudowania:</b> 1959<br><b>Uwagi:</b> Adam Matoń, Zofia Wciorkowa]]></description>
      <Point>
        <coordinates>18.609292446050326,54.371234,0</coordinates>
      </Point>
    </Placemark>
    <Placemark>
      <name>Gdańsk, Trzy Lipy 1</name>
      <description><![CDATA[<b>Data wybudowania:</b> 2011<br><b>Uwagi:</b> Brak uwag]]></description>
      <Point>
        <coordinates>18.594800,54.354736,0</coordinates>
      </Point>
    </Placemark>
    <Placemark>
      <name>Gdańsk, Trzy Lipy 3</name>
      <description><![CDATA[<b>Data wybudowania:</b> 2008<br><b>Uwagi:</b> Brak uwag]]></description>
      <Point>
        <coordinates>18.592881941691598,54.354741700000005,0</coordinates>
      </Point>
    </Placemark>
    <Placemark>
      <name>Gdańsk, Trzy Lipy 3</name>
      <description><![CDATA[<b>Data wybudowania:</b> 2008<br><b>Uwagi:</b> Brak uwag]]></description>
      <Point>
        <coordinates>18.593073,54.354749,0</coordinates>
      </Point>
    </Placemark>
    <Placemark>
      <name>Gdańsk, Trzy Lipy 4</name>
      <description><![CDATA[<b>Data wybudowania:</b> 2017<br><b>Uwagi:</b> Brak uwag]]></description>
      <Point>
        <coordinates>18.594961,54.355428,0</coordinates>
      </Point>
    </Placemark>
    <Placemark>
      <name>Gdańsk, Tunel pod Martwą Wisłą im. abp Tadeusza Gocłowskiego</name>
      <description><![CDATA[<b>Data wybudowania:</b> 2016<br><b>Uwagi:</b> Brak uwag]]></description>
      <Point>
        <coordinates>18.663110097013412,54.382884486625656,0</coordinates>
      </Point>
    </Placemark>
    <Placemark>
      <name>Gdańsk, Tytusa Chałubińskiego 12</name>
      <description><![CDATA[<b>Data wybudowania:</b> 1984<br><b>Uwagi:</b> Brak uwag]]></description>
      <Point>
        <coordinates>18.623034075744496,54.3422701,0</coordinates>
      </Point>
    </Placemark>
    <Placemark>
      <name>Gdańsk, ul. Biwakowa 3</name>
      <description><![CDATA[<b>Data wybudowania:</b> 1998<br><b>Uwagi:</b> Brak uwag]]></description>
      <Point>
        <coordinates>18.471354,54.425889,0</coordinates>
      </Point>
    </Placemark>
    <Placemark>
      <name>Gdańsk, VII Dwór 7</name>
      <description><![CDATA[<b>Data wybudowania:</b> 1966<br><b>Uwagi:</b> Brak uwag]]></description>
      <Point>
        <coordinates>18.574630149704834,54.38774755,0</coordinates>
      </Point>
    </Placemark>
    <Placemark>
      <name>Gdańsk, VII Dwór 7B</name>
      <description><![CDATA[<b>Data wybudowania:</b> 2007<br><b>Uwagi:</b> Gdańska Szkoła Floretu]]></description>
      <Point>
        <coordinates>18.5711949,54.3880598,0</coordinates>
      </Point>
    </Placemark>
    <Placemark>
      <name>Gdańsk, Wajdeloty 11</name>
      <description><![CDATA[<b>Data wybudowania:</b> 1900<br><b>Uwagi:</b> Brak uwag]]></description>
      <Point>
        <coordinates>18.60990991528073,54.381792700000005,0</coordinates>
      </Point>
    </Placemark>
    <Placemark>
      <name>Gdańsk, Wajdeloty 12, Centrum</name>
      <description><![CDATA[<b>Data wybudowania:</b> 2014<br><b>Uwagi:</b> (budynek gdzie jest biedronka)]]></description>
      <Point>
        <coordinates>18.60823420698322,54.3819481,0</coordinates>
      </Point>
    </Placemark>
    <Placemark>
      <name>Gdańsk, Wajdeloty 13</name>
      <description><![CDATA[<b>Data wybudowania:</b> 1763<br><b>Uwagi:</b> Brak uwag]]></description>
      <Point>
        <coordinates>18.60882979214,54.3816438,0</coordinates>
      </Point>
    </Placemark>
    <Placemark>
      <name>Gdańsk, Walecznych 3</name>
      <description><![CDATA[<b>Data wybudowania:</b> 2005<br><b>Uwagi:</b> Brak uwag]]></description>
      <Point>
        <coordinates>18.634902,54.407290,0</coordinates>
      </Point>
    </Placemark>
    <Placemark>
      <name>Gdańsk, Wałowa 27</name>
      <description><![CDATA[<b>Data wybudowania:</b> 1926<br><b>Uwagi:</b> Adolph Bielefeldt]]></description>
      <Point>
        <coordinates>18.653864465123455,54.3588089,0</coordinates>
      </Point>
    </Placemark>
    <Placemark>
      <name>Gdańsk, Wałowa 38</name>
      <description><![CDATA[<b>Data wybudowania:</b> 1960<br><b>Uwagi:</b> wg windy]]></description>
      <Point>
        <coordinates>18.652441,54.358293,0</coordinates>
      </Point>
    </Placemark>
    <Placemark>
      <name>Gdańsk, Wałowa 41/43</name>
      <description><![CDATA[<b>Data wybudowania:</b> 1998<br><b>Uwagi:</b> gazownia z 1904]]></description>
      <Point>
        <coordinates>18.659459411834437,54.3582528,0</coordinates>
      </Point>
    </Placemark>
    <Placemark>
      <name>Gdańsk, Wały Jagiellońskie 2/4</name>
      <description><![CDATA[<b>Data wybudowania:</b> 1961<br><b>Uwagi:</b> Lech Kadłubowski]]></description>
      <Point>
        <coordinates>18.64670747759165,54.3503213,0</coordinates>
      </Point>
    </Placemark>
    <Placemark>
      <name>Gdańsk, Wały Piastowskie 1</name>
      <description><![CDATA[<b>Data wybudowania:</b> 1971<br><b>Uwagi:</b> Stanisław Tobolczyk, Jasna Strzałkowska]]></description>
      <Point>
        <coordinates>18.64682435157519,54.35874145,0</coordinates>
      </Point>
    </Placemark>
    <Placemark>
      <name>Gdańsk, Waryńskiego 37</name>
      <description><![CDATA[<b>Data wybudowania:</b> 1826<br><b>Uwagi:</b> do sprawdzenia czy to nie jest 1876]]></description>
      <Point>
        <coordinates>18.612562,54.380126,0</coordinates>
      </Point>
    </Placemark>
    <Placemark>
      <name>Gdańsk, Waryńskiego 43</name>
      <description><![CDATA[<b>Data wybudowania:</b> 1895<br><b>Uwagi:</b> Brak uwag]]></description>
      <Point>
        <coordinates>18.611516,54.378437,0</coordinates>
      </Point>
    </Placemark>
    <Placemark>
      <name>Gdańsk, Wejhera 3</name>
      <description><![CDATA[<b>Data wybudowania:</b> 1967<br><b>Uwagi:</b> w 1966 trwała budowa]]></description>
      <Point>
        <coordinates>18.583084446751535,54.42191095,0</coordinates>
      </Point>
    </Placemark>
    <Placemark>
      <name>Gdańsk, wiadukt Rakoczego</name>
      <description><![CDATA[<b>Data wybudowania:</b> 1995<br><b>Uwagi:</b> Brak uwag]]></description>
      <Point>
        <coordinates>18.589774,54.354055,0</coordinates>
      </Point>
    </Placemark>
    <Placemark>
      <name>Gdańsk, Więckowskiego 1</name>
      <description><![CDATA[<b>Data wybudowania:</b> 1993<br><b>Uwagi:</b> Brak uwag]]></description>
      <Point>
        <coordinates>18.61530709739732,54.333507049999994,0</coordinates>
      </Point>
    </Placemark>
    <Placemark>
      <name>Gdańsk, Więckowskiego 3 C</name>
      <description><![CDATA[<b>Data wybudowania:</b> 1993<br><b>Uwagi:</b> Brak uwag]]></description>
      <Point>
        <coordinates>18.613900909924602,54.33421308622335,0</coordinates>
      </Point>
    </Placemark>
    <Placemark>
      <name>Gdańsk, Więckowskiego 5</name>
      <description><![CDATA[<b>Data wybudowania:</b> 1993<br><b>Uwagi:</b> Brak uwag]]></description>
      <Point>
        <coordinates>18.614146955727016,54.333498649999996,0</coordinates>
      </Point>
    </Placemark>
    <Placemark>
      <name>Gdańsk, Więckowskiego 9</name>
      <description><![CDATA[<b>Data wybudowania:</b> 1993<br><b>Uwagi:</b> Brak uwag]]></description>
      <Point>
        <coordinates>18.614946387161815,54.3330043,0</coordinates>
      </Point>
    </Placemark>
    <Placemark>
      <name>Gdańsk, Wielka Zbrojownia, </name>
      <description><![CDATA[<b>Data wybudowania:</b> 1605<br><b>Uwagi:</b> Antoni Obberghen lub Hans Vredemann de Vries, realizacja Hans Strakowski]]></description>
      <Point>
        <coordinates>18.649002,54.350722,0</coordinates>
      </Point>
    </Placemark>
    <Placemark>
      <name>Gdańsk, Wileńska 53E</name>
      <description><![CDATA[<b>Data wybudowania:</b> 1976<br><b>Uwagi:</b> Brak uwag]]></description>
      <Point>
        <coordinates>18.5962464,54.3617629,0</coordinates>
      </Point>
    </Placemark>
    <Placemark>
      <name>Gdańsk, Wilka-Krzyżanowskiego 8</name>
      <description><![CDATA[<b>Data wybudowania:</b> 1954<br><b>Uwagi:</b> Brak uwag]]></description>
      <Point>
        <coordinates>18.578986,54.387637,0</coordinates>
      </Point>
    </Placemark>
    <Placemark>
      <name>Gdańsk, Wita Stwosza 110</name>
      <description><![CDATA[<b>Data wybudowania:</b> 1934<br><b>Uwagi:</b> Brak uwag]]></description>
      <Point>
        <coordinates>18.58010044727805,54.3890811,0</coordinates>
      </Point>
    </Placemark>
    <Placemark>
      <name>Gdańsk, Wita Stwosza 15</name>
      <description><![CDATA[<b>Data wybudowania:</b> 1901<br><b>Uwagi:</b> Brak uwag]]></description>
      <Point>
        <coordinates>18.564196,54.405203,0</coordinates>
      </Point>
    </Placemark>
    <Placemark>
      <name>Gdańsk, Wita Stwosza 3</name>
      <description><![CDATA[<b>Data wybudowania:</b> 1905<br><b>Uwagi:</b> Brak uwag]]></description>
      <Point>
        <coordinates>18.563667473519285,54.40747175,0</coordinates>
      </Point>
    </Placemark>
    <Placemark>
      <name>Gdańsk, Wita Stwosza 48</name>
      <description><![CDATA[<b>Data wybudowania:</b> 1962<br><b>Uwagi:</b> J. Kowalski, Nauczycielska SM]]></description>
      <Point>
        <coordinates>18.568107474753283,54.39866095,0</coordinates>
      </Point>
    </Placemark>
    <Placemark>
      <name>Gdańsk, Wita Stwosza 50</name>
      <description><![CDATA[<b>Data wybudowania:</b> 1962<br><b>Uwagi:</b> Brak uwag]]></description>
      <Point>
        <coordinates>18.568524808918127,54.3982549,0</coordinates>
      </Point>
    </Placemark>
    <Placemark>
      <name>Gdańsk, Wita Stwosza 52</name>
      <description><![CDATA[<b>Data wybudowania:</b> 1963<br><b>Uwagi:</b> Brak uwag]]></description>
      <Point>
        <coordinates>18.56892917331081,54.3978525,0</coordinates>
      </Point>
    </Placemark>
    <Placemark>
      <name>Gdańsk, Wita Stwosza 54</name>
      <description><![CDATA[<b>Data wybudowania:</b> 1964<br><b>Uwagi:</b> Brak uwag]]></description>
      <Point>
        <coordinates>18.569333264718722,54.3974489,0</coordinates>
      </Point>
    </Placemark>
    <Placemark>
      <name>Gdańsk, Wita Stwosza 55</name>
      <description><![CDATA[<b>Data wybudowania:</b> 1974<br><b>Uwagi:</b> Witold Benedek, Stanisław Niewiadomski ; Wydział Matematyczno-Fizyczny]]></description>
      <Point>
        <coordinates>18.572345792197655,54.3971585,0</coordinates>
      </Point>
    </Placemark>
    <Placemark>
      <name>Gdańsk, Wita Stwosza 55, Wydział Historyczny</name>
      <description><![CDATA[<b>Data wybudowania:</b> 1972<br><b>Uwagi:</b> Witold Benedek, Stanisław Niewiadomski]]></description>
      <Point>
        <coordinates>18.572345792197655,54.3971585,0</coordinates>
      </Point>
    </Placemark>
    <Placemark>
      <name>Gdańsk, Wita Stwosza 56</name>
      <description><![CDATA[<b>Data wybudowania:</b> 1964<br><b>Uwagi:</b> Brak uwag]]></description>
      <Point>
        <coordinates>18.569739580678466,54.3970452,0</coordinates>
      </Point>
    </Placemark>
    <Placemark>
      <name>Gdańsk, Witolda Grabowskiego 7</name>
      <description><![CDATA[<b>Data wybudowania:</b> 2005<br><b>Uwagi:</b> Brak uwag]]></description>
      <Point>
        <coordinates>18.621389149745333,54.33863065,0</coordinates>
      </Point>
    </Placemark>
    <Placemark>
      <name>Gdańsk, Witosa 15</name>
      <description><![CDATA[<b>Data wybudowania:</b> 1991<br><b>Uwagi:</b> Brak uwag]]></description>
      <Point>
        <coordinates>18.61436825119746,54.33911125,0</coordinates>
      </Point>
    </Placemark>
    <Placemark>
      <name>Gdańsk, Własna Strzecha</name>
      <description><![CDATA[<b>Data wybudowania:</b> 1900<br><b>Uwagi:</b> fundacja Abbega; 1895-1900]]></description>
      <Point>
        <coordinates>18.618805324660247,54.37384156112119,0</coordinates>
      </Point>
    </Placemark>
    <Placemark>
      <name>gdańsk, Wodnika 57</name>
      <description><![CDATA[<b>Data wybudowania:</b> 2004<br><b>Uwagi:</b> Brak uwag]]></description>
      <Point>
        <coordinates>18.479251,54.421139,0</coordinates>
      </Point>
    </Placemark>
    <Placemark>
      <name>Gdańsk, Wojciecha Bogusławskiego 1</name>
      <description><![CDATA[<b>Data wybudowania:</b> 2014<br><b>Uwagi:</b> Renato Rizzie]]></description>
      <Point>
        <coordinates>18.64790943154242,54.3478538,0</coordinates>
      </Point>
    </Placemark>
    <Placemark>
      <name>Gdańsk, Wojska Polskiego 31-37</name>
      <description><![CDATA[<b>Data wybudowania:</b> 1959<br><b>Uwagi:</b> po 1958 ; proj. Haliny Witanis, Osiedle Nauczycielskie; wowczas kamień węgielny]]></description>
      <Point>
        <coordinates>18.582419,54.388698,0</coordinates>
      </Point>
    </Placemark>
    <Placemark>
      <name>Gdańsk, Wojska Polskiego 39</name>
      <description><![CDATA[<b>Data wybudowania:</b> 1997<br><b>Uwagi:</b> Brak uwag]]></description>
      <Point>
        <coordinates>18.581489211858923,54.38945565,0</coordinates>
      </Point>
    </Placemark>
    <Placemark>
      <name>Gdańsk, Wróbla 11/12</name>
      <description><![CDATA[<b>Data wybudowania:</b> 1901<br><b>Uwagi:</b> Brak uwag]]></description>
      <Point>
        <coordinates>18.657226,54.340562,0</coordinates>
      </Point>
    </Placemark>
    <Placemark>
      <name>Gdańsk, Wydział Chemii</name>
      <description><![CDATA[<b>Data wybudowania:</b> 2013<br><b>Uwagi:</b> Brak uwag]]></description>
      <Point>
        <coordinates>18.576794004445347,54.39359915,0</coordinates>
      </Point>
    </Placemark>
    <Placemark>
      <name>Gdańsk, Wypoczynkowa 4</name>
      <description><![CDATA[<b>Data wybudowania:</b> 2017<br><b>Uwagi:</b> Brak uwag]]></description>
      <Point>
        <coordinates>18.605807999480263,54.41915965,0</coordinates>
      </Point>
    </Placemark>
    <Placemark>
      <name>Gdańsk, Wyzwolenia 51</name>
      <description><![CDATA[<b>Data wybudowania:</b> 1978<br><b>Uwagi:</b> Brak uwag]]></description>
      <Point>
        <coordinates>18.66163442650705,54.4006446,0</coordinates>
      </Point>
    </Placemark>
    <Placemark>
      <name>Gdańsk, Zakopiańska od 9 do 29</name>
      <description><![CDATA[<b>Data wybudowania:</b> 1956<br><b>Uwagi:</b> Brak uwag]]></description>
      <Point>
        <coordinates>18.628253,54.350957,0</coordinates>
      </Point>
    </Placemark>
    <Placemark>
      <name>Gdańsk, Zamiejska 38</name>
      <description><![CDATA[<b>Data wybudowania:</b> 1990<br><b>Uwagi:</b> Brak uwag]]></description>
      <Point>
        <coordinates>18.627300992718446,54.3349265,0</coordinates>
      </Point>
    </Placemark>
    <Placemark>
      <name>Gdańsk, zbiornik Stara Orunia</name>
      <description><![CDATA[<b>Data wybudowania:</b> 1869<br><b>Uwagi:</b> Brak uwag]]></description>
      <Point>
        <coordinates>18.624412,54.319235,0</coordinates>
      </Point>
    </Placemark>
    <Placemark>
      <name>Gdańsk, zbiornik Stary Sobieski</name>
      <description><![CDATA[<b>Data wybudowania:</b> 1911<br><b>Uwagi:</b> Brak uwag]]></description>
      <Point>
        <coordinates>18.617009,54.368994,0</coordinates>
      </Point>
    </Placemark>
    <Placemark>
      <name>Gdańsk, Zdrojowa 2</name>
      <description><![CDATA[<b>Data wybudowania:</b> 1893<br><b>Uwagi:</b> Brak uwag]]></description>
      <Point>
        <coordinates>18.63787138681534,54.40797365,0</coordinates>
      </Point>
    </Placemark>
    <Placemark>
      <name>Gdańsk, Zdrojowa 3</name>
      <description><![CDATA[<b>Data wybudowania:</b> 1893<br><b>Uwagi:</b> Brak uwag]]></description>
      <Point>
        <coordinates>18.638522650707156,54.407857199999995,0</coordinates>
      </Point>
    </Placemark>
    <Placemark>
      <name>Gdańsk, Zgody 6</name>
      <description><![CDATA[<b>Data wybudowania:</b> 1965<br><b>Uwagi:</b> Brak uwag]]></description>
      <Point>
        <coordinates>18.584556920012734,54.40806245,0</coordinates>
      </Point>
    </Placemark>
    <Placemark>
      <name>Gdańsk, Zielony Trójkąt</name>
      <description><![CDATA[<b>Data wybudowania:</b> 1965<br><b>Uwagi:</b> lata 60!. ; z artykułu]]></description>
      <Point>
        <coordinates>18.630806,54.378138,0</coordinates>
      </Point>
    </Placemark>
    <Placemark>
      <name>Gdańsk, Złota Karczma</name>
      <description><![CDATA[<b>Data wybudowania:</b> 1999<br><b>Uwagi:</b> Kościół św. Rafała Kalinowskiego]]></description>
      <Point>
        <coordinates>18.521249,54.374717,0</coordinates>
      </Point>
    </Placemark>
    <Placemark>
      <name>Gdańsk, Zwycięstwa 13A</name>
      <description><![CDATA[<b>Data wybudowania:</b> 2012<br><b>Uwagi:</b> Brak uwag]]></description>
      <Point>
        <coordinates>18.628677839075625,54.37143585,0</coordinates>
      </Point>
    </Placemark>
    <Placemark>
      <name>Gdańsk, Chmielna 27, ZUS</name>
      <description><![CDATA[<b>Data wybudowania:</b> 1985<br><b>Uwagi:</b> właściwie lata 80.; arch. Stanisław Michel]]></description>
      <Point>
        <coordinates>18.656303,54.347017,0</coordinates>
      </Point>
    </Placemark>
    <Placemark>
      <name>Gdańsk, Żeromskiego 6</name>
      <description><![CDATA[<b>Data wybudowania:</b> 1928<br><b>Uwagi:</b> Brak uwag]]></description>
      <Point>
        <coordinates>18.56190919604851,54.40683545,0</coordinates>
      </Point>
    </Placemark>
    <Placemark>
      <name>Gdańsk, Żeromskiego 7</name>
      <description><![CDATA[<b>Data wybudowania:</b> 1928<br><b>Uwagi:</b> Brak uwag]]></description>
      <Point>
        <coordinates>18.562067464735378,54.4068749,0</coordinates>
      </Point>
    </Placemark>
    <Placemark>
      <name>Gdańsk, Żeromskiego 8</name>
      <description><![CDATA[<b>Data wybudowania:</b> 1928<br><b>Uwagi:</b> Brak uwag]]></description>
      <Point>
        <coordinates>18.562384363392358,54.406919,0</coordinates>
      </Point>
    </Placemark>
    <Placemark>
      <name>Gdańsk, Żeromskiego 9</name>
      <description><![CDATA[<b>Data wybudowania:</b> 1928<br><b>Uwagi:</b> Brak uwag]]></description>
      <Point>
        <coordinates>18.562542510847276,54.4069572,0</coordinates>
      </Point>
    </Placemark>
    <Placemark>
      <name>Gdańśk, Brama Stągiewna</name>
      <description><![CDATA[<b>Data wybudowania:</b> 1519<br><b>Uwagi:</b> Brak uwag]]></description>
      <Point>
        <coordinates>18.659838,54.347219,0</coordinates>
      </Point>
    </Placemark>
    <Placemark>
      <name>Gdańśk, Goplańska</name>
      <description><![CDATA[<b>Data wybudowania:</b> 1925<br><b>Uwagi:</b> stary kościół zbudowany dla luteran]]></description>
      <Point>
        <coordinates>18.514350,54.337634,0</coordinates>
      </Point>
    </Placemark>
    <Placemark>
      <name>Gdańśk, Myśliwska 33</name>
      <description><![CDATA[<b>Data wybudowania:</b> 2012<br><b>Uwagi:</b> Brak uwag]]></description>
      <Point>
        <coordinates>18.572227,54.351860,0</coordinates>
      </Point>
    </Placemark>
    <Placemark>
      <name>Gdańśk, Schuberta 79</name>
      <description><![CDATA[<b>Data wybudowania:</b> 2002<br><b>Uwagi:</b> Brak uwag]]></description>
      <Point>
        <coordinates>18.596270,54.353904,0</coordinates>
      </Point>
    </Placemark>
    <Placemark>
      <name>Gdańśk, zbiornik wody Kazimierz</name>
      <description><![CDATA[<b>Data wybudowania:</b> 2014<br><b>Uwagi:</b> Brak uwag]]></description>
      <Point>
        <coordinates>18.877414,54.343434,0</coordinates>
      </Point>
    </Placemark>
    <Placemark>
      <name>Gdynia , Św. Piotra 6</name>
      <description><![CDATA[<b>Data wybudowania:</b> 2023<br><b>Uwagi:</b> Brak uwag]]></description>
      <Point>
        <coordinates>18.5442492,54.5249959,0</coordinates>
      </Point>
    </Placemark>
    <Placemark>
      <name>Gdynia Plac Konstytucji 3 Maja 1</name>
      <description><![CDATA[<b>Data wybudowania:</b> 1958<br><b>Uwagi:</b> arch. Wacław Tomaszewski, Dworzec PKP]]></description>
      <Point>
        <coordinates>18.529928,54.521370,0</coordinates>
      </Point>
    </Placemark>
    <Placemark>
      <name>Gdynia, 10 Lutego 10, Poczta Główna </name>
      <description><![CDATA[<b>Data wybudowania:</b> 1929<br><b>Uwagi:</b> Julian Puterman, Antoni Miszewski?]]></description>
      <Point>
        <coordinates>18.539335,54.519716,0</coordinates>
      </Point>
    </Placemark>
    <Placemark>
      <name>Gdynia, 10 Lutego 11</name>
      <description><![CDATA[<b>Data wybudowania:</b> 1998<br><b>Uwagi:</b> Brak uwag]]></description>
      <Point>
        <coordinates>18.53956557073165,54.51902535,0</coordinates>
      </Point>
    </Placemark>
    <Placemark>
      <name>Gdynia, 10 Lutego 16</name>
      <description><![CDATA[<b>Data wybudowania:</b> 2004<br><b>Uwagi:</b> Brak uwag]]></description>
      <Point>
        <coordinates>18.53812704105205,54.5198447,0</coordinates>
      </Point>
    </Placemark>
    <Placemark>
      <name>Gdynia, 10 Lutego 2</name>
      <description><![CDATA[<b>Data wybudowania:</b> 1912<br><b>Uwagi:</b> Brak uwag]]></description>
      <Point>
        <coordinates>18.542190369157336,54.51955925,0</coordinates>
      </Point>
    </Placemark>
    <Placemark>
      <name>Gdynia, 10 Lutego 20/22</name>
      <description><![CDATA[<b>Data wybudowania:</b> 1929<br><b>Uwagi:</b> Stanisław Filasiewicz]]></description>
      <Point>
        <coordinates>18.54007419724896,54.51947428703718,0</coordinates>
      </Point>
    </Placemark>
    <Placemark>
      <name>Gdynia, 10 Lutego 24, </name>
      <description><![CDATA[<b>Data wybudowania:</b> 1926<br><b>Uwagi:</b> Brak uwag]]></description>
      <Point>
        <coordinates>18.534911451773453,54.51995195,0</coordinates>
      </Point>
    </Placemark>
    <Placemark>
      <name>Gdynia, 10 Lutego 33</name>
      <description><![CDATA[<b>Data wybudowania:</b> 1963<br><b>Uwagi:</b> Brak uwag]]></description>
      <Point>
        <coordinates>18.53517723172598,54.5195073,0</coordinates>
      </Point>
    </Placemark>
    <Placemark>
      <name>Gdynia, 10 Lutego 35/35a</name>
      <description><![CDATA[<b>Data wybudowania:</b> 1935<br><b>Uwagi:</b> S. Ziołowski]]></description>
      <Point>
        <coordinates>18.5418735558001,54.51938874792399,0</coordinates>
      </Point>
    </Placemark>
    <Placemark>
      <name>Gdynia, 10 Lutego 8</name>
      <description><![CDATA[<b>Data wybudowania:</b> 1928<br><b>Uwagi:</b> Brak uwag]]></description>
      <Point>
        <coordinates>18.540517779993095,54.519771399999996,0</coordinates>
      </Point>
    </Placemark>
    <Placemark>
      <name>Gdynia, Aleja Zwycięstwa 256</name>
      <description><![CDATA[<b>Data wybudowania:</b> 1996<br><b>Uwagi:</b> Brak uwag]]></description>
      <Point>
        <coordinates>18.55176956451438,54.47598535,0</coordinates>
      </Point>
    </Placemark>
    <Placemark>
      <name>Gdynia, Arciszewskich 23</name>
      <description><![CDATA[<b>Data wybudowania:</b> 1933<br><b>Uwagi:</b> arch. Kazimierz Tołłoczko; w 1932 trwała budowa]]></description>
      <Point>
        <coordinates>18.550136,54.546313,0</coordinates>
      </Point>
    </Placemark>
    <Placemark>
      <name>Gdynia, Batorego 28</name>
      <description><![CDATA[<b>Data wybudowania:</b> 2002<br><b>Uwagi:</b> 28/32]]></description>
      <Point>
        <coordinates>18.53511067983979,54.5188956,0</coordinates>
      </Point>
    </Placemark>
    <Placemark>
      <name>Gdynia, Beniowskiego 26</name>
      <description><![CDATA[<b>Data wybudowania:</b> 1926<br><b>Uwagi:</b> Dom komandora Adama Mohuczego]]></description>
      <Point>
        <coordinates>18.511925,54.524176,0</coordinates>
      </Point>
    </Placemark>
    <Placemark>
      <name>Gdynia, Borowikowa 21</name>
      <description><![CDATA[<b>Data wybudowania:</b> 1981<br><b>Uwagi:</b> w tym roku także okolicznych 8 budynków]]></description>
      <Point>
        <coordinates>18.436325,54.537304,0</coordinates>
      </Point>
    </Placemark>
    <Placemark>
      <name>Gdynia, Cechowa 22</name>
      <description><![CDATA[<b>Data wybudowania:</b> 1935<br><b>Uwagi:</b> Brak uwag]]></description>
      <Point>
        <coordinates>18.5151069,54.552869,0</coordinates>
      </Point>
    </Placemark>
    <Placemark>
      <name>Gdynia, Chabrowa 43</name>
      <description><![CDATA[<b>Data wybudowania:</b> 1962<br><b>Uwagi:</b> wtedy przeniesiono tu instytucję szkoły]]></description>
      <Point>
        <coordinates>18.444977521586107,54.53361295,0</coordinates>
      </Point>
    </Placemark>
    <Placemark>
      <name>Gdynia, Chylońska 11</name>
      <description><![CDATA[<b>Data wybudowania:</b> 1971<br><b>Uwagi:</b> w 1970 trwała budowa]]></description>
      <Point>
        <coordinates>18.478081,54.537267,0</coordinates>
      </Point>
    </Placemark>
    <Placemark>
      <name>Gdynia, Chylońska 129</name>
      <description><![CDATA[<b>Data wybudowania:</b> 1999<br><b>Uwagi:</b> Brak uwag]]></description>
      <Point>
        <coordinates>18.463610850255165,54.544061549999995,0</coordinates>
      </Point>
    </Placemark>
    <Placemark>
      <name>Gdynia, Chylońska 227</name>
      <description><![CDATA[<b>Data wybudowania:</b> 1987<br><b>Uwagi:</b> 1939/1982/1987]]></description>
      <Point>
        <coordinates>18.44585971647329,54.54812375,0</coordinates>
      </Point>
    </Placemark>
    <Placemark>
      <name>Gdynia, Chylońska 6</name>
      <description><![CDATA[<b>Data wybudowania:</b> 1972<br><b>Uwagi:</b> trwała budowa, w 1972 były w stanie surowym]]></description>
      <Point>
        <coordinates>18.480742,54.536096,0</coordinates>
      </Point>
    </Placemark>
    <Placemark>
      <name>Gdynia, Czeremhowa 2b</name>
      <description><![CDATA[<b>Data wybudowania:</b> 1988<br><b>Uwagi:</b> Brak uwag]]></description>
      <Point>
        <coordinates>18.446565,54.534271,0</coordinates>
      </Point>
    </Placemark>
    <Placemark>
      <name>Gdynia, Częstochowska 35</name>
      <description><![CDATA[<b>Data wybudowania:</b> 2022<br><b>Uwagi:</b> Brak uwag]]></description>
      <Point>
        <coordinates>18.519827,54.486631,0</coordinates>
      </Point>
    </Placemark>
    <Placemark>
      <name>Gdynia, Derdowskiego 7</name>
      <description><![CDATA[<b>Data wybudowania:</b> 1938<br><b>Uwagi:</b> Izba Bawełny, arch. Wacław Tomaszewski ]]></description>
      <Point>
        <coordinates>18.544444,54.521706,0</coordinates>
      </Point>
    </Placemark>
    <Placemark>
      <name>Gdynia, Gniewska 20</name>
      <description><![CDATA[<b>Data wybudowania:</b> 1965<br><b>Uwagi:</b> lub wcześniej]]></description>
      <Point>
        <coordinates>18.467138,54.541008,0</coordinates>
      </Point>
    </Placemark>
    <Placemark>
      <name>Gdynia, Gniewska 21</name>
      <description><![CDATA[<b>Data wybudowania:</b> 1993<br><b>Uwagi:</b> Brak uwag]]></description>
      <Point>
        <coordinates>18.461982577620077,54.5420268,0</coordinates>
      </Point>
    </Placemark>
    <Placemark>
      <name>Gdynia, Grudzińskiego 4</name>
      <description><![CDATA[<b>Data wybudowania:</b> 1931<br><b>Uwagi:</b> dawny Szpital Morski; Wojskowy Ośrodek Medycyny Prewencyjnej, Marian Lalewicz]]></description>
      <Point>
        <coordinates>18.542401,54.546275,0</coordinates>
      </Point>
    </Placemark>
    <Placemark>
      <name>Gdynia, Hala Targowa</name>
      <description><![CDATA[<b>Data wybudowania:</b> 1938<br><b>Uwagi:</b> Jerzy Müller i Stefan Reychman]]></description>
      <Point>
        <coordinates>18.534542,54.522600,0</coordinates>
      </Point>
    </Placemark>
    <Placemark>
      <name>Gdynia, Hotel Cassubia, Sędzickiego</name>
      <description><![CDATA[<b>Data wybudowania:</b> 1923<br><b>Uwagi:</b> Tadeusz Zieliński ]]></description>
      <Point>
        <coordinates>18.547503,54.514388,0</coordinates>
      </Point>
    </Placemark>
    <Placemark>
      <name>Gdynia, Hryniewickiego 6</name>
      <description><![CDATA[<b>Data wybudowania:</b> 2009<br><b>Uwagi:</b> Brak uwag]]></description>
      <Point>
        <coordinates>18.54892082824666,54.521849599999996,0</coordinates>
      </Point>
    </Placemark>
    <Placemark>
      <name>Gdynia, Jana Pawła II 13b</name>
      <description><![CDATA[<b>Data wybudowania:</b> 1974<br><b>Uwagi:</b> Brak uwag]]></description>
      <Point>
        <coordinates>18.549609,54.517100,0</coordinates>
      </Point>
    </Placemark>
    <Placemark>
      <name>Gdynia, Jana Pawła II 13b</name>
      <description><![CDATA[<b>Data wybudowania:</b> 1971<br><b>Uwagi:</b> Brak uwag]]></description>
      <Point>
        <coordinates>18.55301725129421,54.51899557932877,0</coordinates>
      </Point>
    </Placemark>
    <Placemark>
      <name>Gdynia, Jana Pawła II 2</name>
      <description><![CDATA[<b>Data wybudowania:</b> Brak danych<br><b>Uwagi:</b> arch: Lech Zaleski, Stanisław Dopierała, potocznie: Róża Wiatrów]]></description>
      <Point>
        <coordinates>18.554535,54.519102,0</coordinates>
      </Point>
    </Placemark>
    <Placemark>
      <name>Gdynia, Jana Pawła II 3</name>
      <description><![CDATA[<b>Data wybudowania:</b> 1939<br><b>Uwagi:</b> arch. Tadeusz Sieczkowski]]></description>
      <Point>
        <coordinates>18.55506980924808,54.5182608,0</coordinates>
      </Point>
    </Placemark>
    <Placemark>
      <name>Gdynia, Jana z Kolna 25, Dom Marynarza Szwedzkiego</name>
      <description><![CDATA[<b>Data wybudowania:</b> 1936<br><b>Uwagi:</b> Stanisław Płoski]]></description>
      <Point>
        <coordinates>18.538039,54.523204,0</coordinates>
      </Point>
    </Placemark>
    <Placemark>
      <name>Gdynia, Jana z Kolna 27</name>
      <description><![CDATA[<b>Data wybudowania:</b> 1927<br><b>Uwagi:</b> arch. Wacław Tomaszewski, Dom Rybaka]]></description>
      <Point>
        <coordinates>18.537428,54.523146,0</coordinates>
      </Point>
    </Placemark>
    <Placemark>
      <name>Gdynia, Jana z Kolna 5</name>
      <description><![CDATA[<b>Data wybudowania:</b> 1960<br><b>Uwagi:</b> Brak uwag]]></description>
      <Point>
        <coordinates>18.541263,54.522681,0</coordinates>
      </Point>
    </Placemark>
    <Placemark>
      <name>Gdynia, Jerzego Waszyngtona 17</name>
      <description><![CDATA[<b>Data wybudowania:</b> 2015<br><b>Uwagi:</b> Brak uwag]]></description>
      <Point>
        <coordinates>18.5487679,54.521076,0</coordinates>
      </Point>
    </Placemark>
    <Placemark>
      <name>Gdynia, Kazimierza Górskiego 8</name>
      <description><![CDATA[<b>Data wybudowania:</b> 2008<br><b>Uwagi:</b> Brak uwag]]></description>
      <Point>
        <coordinates>18.531364235031788,54.498922050000004,0</coordinates>
      </Point>
    </Placemark>
    <Placemark>
      <name>Gdynia, Kcyńska 27c</name>
      <description><![CDATA[<b>Data wybudowania:</b> 2012<br><b>Uwagi:</b> Brak uwag]]></description>
      <Point>
        <coordinates>18.453301128725474,54.53744565,0</coordinates>
      </Point>
    </Placemark>
    <Placemark>
      <name>Gdynia, Kielecka 2</name>
      <description><![CDATA[<b>Data wybudowania:</b> 2022<br><b>Uwagi:</b> Brak uwag]]></description>
      <Point>
        <coordinates>18.532898036549376,54.5085562,0</coordinates>
      </Point>
    </Placemark>
    <Placemark>
      <name>Gdynia, Kielecka 5</name>
      <description><![CDATA[<b>Data wybudowania:</b> 2014<br><b>Uwagi:</b> Brak uwag]]></description>
      <Point>
        <coordinates>18.531415433116628,54.5078063,0</coordinates>
      </Point>
    </Placemark>
    <Placemark>
      <name>Gdynia, Kolejka linowa na Kamienną Górę</name>
      <description><![CDATA[<b>Data wybudowania:</b> 2015<br><b>Uwagi:</b> Brak uwag]]></description>
      <Point>
        <coordinates>18.543695267689994,54.51604797817286,0</coordinates>
      </Point>
    </Placemark>
    <Placemark>
      <name>Gdynia, Komenda Portu Wojennego</name>
      <description><![CDATA[<b>Data wybudowania:</b> 1928<br><b>Uwagi:</b> Marian Lalewcz]]></description>
      <Point>
        <coordinates>18.547895,54.543240,0</coordinates>
      </Point>
    </Placemark>
    <Placemark>
      <name>Gdynia, Korzeniowskiego 7</name>
      <description><![CDATA[<b>Data wybudowania:</b> 1936<br><b>Uwagi:</b> Zbigniew Kupiec – Tadeusz Kossak]]></description>
      <Point>
        <coordinates>18.549986975000003,54.511053849999996,0</coordinates>
      </Point>
    </Placemark>
    <Placemark>
      <name>Gdynia, Korzeniowskiego 8</name>
      <description><![CDATA[<b>Data wybudowania:</b> 1935<br><b>Uwagi:</b> Brak uwag]]></description>
      <Point>
        <coordinates>18.55083956750357,54.5104151015191,0</coordinates>
      </Point>
    </Placemark>
    <Placemark>
      <name>Gdynia, Lniana 19</name>
      <description><![CDATA[<b>Data wybudowania:</b> 1991<br><b>Uwagi:</b> Brak uwag]]></description>
      <Point>
        <coordinates>18.43693699448341,54.546484899999996,0</coordinates>
      </Point>
    </Placemark>
    <Placemark>
      <name>Gdynia, łuszczarnia ryżu</name>
      <description><![CDATA[<b>Data wybudowania:</b> 1928<br><b>Uwagi:</b> inż. Kazimierz Krzyżanowski ]]></description>
      <Point>
        <coordinates>18.524946,54.529598,0</coordinates>
      </Point>
    </Placemark>
    <Placemark>
      <name>Gdynia, Łużycka 6A</name>
      <description><![CDATA[<b>Data wybudowania:</b> 2008<br><b>Uwagi:</b> Brak uwag]]></description>
      <Point>
        <coordinates>18.533689171121345,54.494936499999994,0</coordinates>
      </Point>
    </Placemark>
    <Placemark>
      <name>Gdynia, Łużycka 6B</name>
      <description><![CDATA[<b>Data wybudowania:</b> 2008<br><b>Uwagi:</b> Brak uwag]]></description>
      <Point>
        <coordinates>18.533545121033924,54.49451075,0</coordinates>
      </Point>
    </Placemark>
    <Placemark>
      <name>Gdynia, Łużycka 6D</name>
      <description><![CDATA[<b>Data wybudowania:</b> 2009<br><b>Uwagi:</b> Brak uwag]]></description>
      <Point>
        <coordinates>18.534400553952658,54.494138199999995,0</coordinates>
      </Point>
    </Placemark>
    <Placemark>
      <name>Gdynia, Łużycka 6E</name>
      <description><![CDATA[<b>Data wybudowania:</b> 2010<br><b>Uwagi:</b> Brak uwag]]></description>
      <Point>
        <coordinates>18.53334809213714,54.493641600000004,0</coordinates>
      </Point>
    </Placemark>
    <Placemark>
      <name>Gdynia, Łużycka 8B</name>
      <description><![CDATA[<b>Data wybudowania:</b> 2017<br><b>Uwagi:</b> Brak uwag]]></description>
      <Point>
        <coordinates>18.533997324472168,54.4927257,0</coordinates>
      </Point>
    </Placemark>
    <Placemark>
      <name>Gdynia, Łużycka 8C</name>
      <description><![CDATA[<b>Data wybudowania:</b> 2016<br><b>Uwagi:</b> Brak uwag]]></description>
      <Point>
        <coordinates>18.533070710721105,54.49300205,0</coordinates>
      </Point>
    </Placemark>
    <Placemark>
      <name>Gdynia, Morska</name>
      <description><![CDATA[<b>Data wybudowania:</b> 1942<br><b>Uwagi:</b> schron (2 zachowane)]]></description>
      <Point>
        <coordinates>18.484631,54.533891,0</coordinates>
      </Point>
    </Placemark>
    <Placemark>
      <name>Gdynia, Morska 11</name>
      <description><![CDATA[<b>Data wybudowania:</b> 1962<br><b>Uwagi:</b> arch. Wojciech Dworski]]></description>
      <Point>
        <coordinates>18.528695,54.520044,0</coordinates>
      </Point>
    </Placemark>
    <Placemark>
      <name>Gdynia, Morska 118c</name>
      <description><![CDATA[<b>Data wybudowania:</b> 1932<br><b>Uwagi:</b> lub nieco wcześniej]]></description>
      <Point>
        <coordinates>18.494990,54.532462,0</coordinates>
      </Point>
    </Placemark>
    <Placemark>
      <name>Gdynia, Morska 186</name>
      <description><![CDATA[<b>Data wybudowania:</b> 1973<br><b>Uwagi:</b> Brak uwag]]></description>
      <Point>
        <coordinates>18.482583443931144,54.5351764,0</coordinates>
      </Point>
    </Placemark>
    <Placemark>
      <name>Gdynia, Morska 218</name>
      <description><![CDATA[<b>Data wybudowania:</b> 1996<br><b>Uwagi:</b> Brak uwag]]></description>
      <Point>
        <coordinates>18.447241,54.546169,0</coordinates>
      </Point>
    </Placemark>
    <Placemark>
      <name>Gdynia, Morska 81</name>
      <description><![CDATA[<b>Data wybudowania:</b> 1930<br><b>Uwagi:</b> Brak uwag]]></description>
      <Point>
        <coordinates>18.511620,54.526426,0</coordinates>
      </Point>
    </Placemark>
    <Placemark>
      <name>Gdynia, Morska 83</name>
      <description><![CDATA[<b>Data wybudowania:</b> 1930<br><b>Uwagi:</b> Wacław Tomaszewski]]></description>
      <Point>
        <coordinates>18.5123904,54.5260785,0</coordinates>
      </Point>
    </Placemark>
    <Placemark>
      <name>Gdynia, Niemena 1</name>
      <description><![CDATA[<b>Data wybudowania:</b> 2021<br><b>Uwagi:</b> Brak uwag]]></description>
      <Point>
        <coordinates>18.436260,54.500445,0</coordinates>
      </Point>
    </Placemark>
    <Placemark>
      <name>Gdynia, Niemena 3</name>
      <description><![CDATA[<b>Data wybudowania:</b> 2021<br><b>Uwagi:</b> Brak uwag]]></description>
      <Point>
        <coordinates>18.435831,54.501019,0</coordinates>
      </Point>
    </Placemark>
    <Placemark>
      <name>Gdynia, Niemena 5</name>
      <description><![CDATA[<b>Data wybudowania:</b> 2020<br><b>Uwagi:</b> Brak uwag]]></description>
      <Point>
        <coordinates>18.436732,54.501087,0</coordinates>
      </Point>
    </Placemark>
    <Placemark>
      <name>Gdynia, Okrzei 2-4</name>
      <description><![CDATA[<b>Data wybudowania:</b> 1930<br><b>Uwagi:</b> (Gdyńska Spółdzielnia Mieszkaniowa)]]></description>
      <Point>
        <coordinates>18.503576,54.530340,0</coordinates>
      </Point>
    </Placemark>
    <Placemark>
      <name>Gdynia, Orłowska 8</name>
      <description><![CDATA[<b>Data wybudowania:</b> 1840<br><b>Uwagi:</b> około 1840]]></description>
      <Point>
        <coordinates>18.563495906707278,54.481443150000004,0</coordinates>
      </Point>
    </Placemark>
    <Placemark>
      <name>Gdynia, Osada Kolejowa</name>
      <description><![CDATA[<b>Data wybudowania:</b> 1930<br><b>Uwagi:</b> około ; 8 wielorodzinnych kamienic o cechach dworkowych]]></description>
      <Point>
        <coordinates>18.498015,54.534827,0</coordinates>
      </Point>
    </Placemark>
    <Placemark>
      <name>Gdynia, Osiedle Zamek</name>
      <description><![CDATA[<b>Data wybudowania:</b> 1995<br><b>Uwagi:</b> Brak uwag]]></description>
      <Point>
        <coordinates>18.437301,54.539699,0</coordinates>
      </Point>
    </Placemark>
    <Placemark>
      <name>Gdynia, Pawia</name>
      <description><![CDATA[<b>Data wybudowania:</b> 1940<br><b>Uwagi:</b> dla niemieckich lotników]]></description>
      <Point>
        <coordinates>18.452461,54.534000,0</coordinates>
      </Point>
    </Placemark>
    <Placemark>
      <name>Gdynia, Plac Grunwaldzki 1</name>
      <description><![CDATA[<b>Data wybudowania:</b> 1979<br><b>Uwagi:</b> Józef Chmiel, Daniel Olędzki]]></description>
      <Point>
        <coordinates>18.54555707460149,54.51656415,0</coordinates>
      </Point>
    </Placemark>
    <Placemark>
      <name>Gdynia, Plac Grunwaldzki 2</name>
      <description><![CDATA[<b>Data wybudowania:</b> 2015<br><b>Uwagi:</b> Brak uwag]]></description>
      <Point>
        <coordinates>18.543186053081396,54.51684865,0</coordinates>
      </Point>
    </Placemark>
    <Placemark>
      <name>Gdynia, Plac Grunwaldzki 20</name>
      <description><![CDATA[<b>Data wybudowania:</b> 1959<br><b>Uwagi:</b> Brak uwag]]></description>
      <Point>
        <coordinates>18.542395,54.516641,0</coordinates>
      </Point>
    </Placemark>
    <Placemark>
      <name>Gdynia, Plac Kaszubski 10</name>
      <description><![CDATA[<b>Data wybudowania:</b> 1928<br><b>Uwagi:</b> Brak uwag]]></description>
      <Point>
        <coordinates>18.542685,54.521910,0</coordinates>
      </Point>
    </Placemark>
    <Placemark>
      <name>Gdynia, Plac Kaszubski 17</name>
      <description><![CDATA[<b>Data wybudowania:</b> 2011<br><b>Uwagi:</b> Brak uwag]]></description>
      <Point>
        <coordinates>18.543785,54.522174,0</coordinates>
      </Point>
    </Placemark>
    <Placemark>
      <name>Gdynia, Plac Kontytucji 3 Maja 5</name>
      <description><![CDATA[<b>Data wybudowania:</b> 1936<br><b>Uwagi:</b> architekci: Zbigniew Karpiński , Tadeusz Sieczkowski, Roman Sołtyński]]></description>
      <Point>
        <coordinates>18.531323,54.522252,0</coordinates>
      </Point>
    </Placemark>
    <Placemark>
      <name>Gdynia, Podolska 21</name>
      <description><![CDATA[<b>Data wybudowania:</b> 2004<br><b>Uwagi:</b> Brak uwag]]></description>
      <Point>
        <coordinates>18.5342455918717,54.515185599999995,0</coordinates>
      </Point>
    </Placemark>
    <Placemark>
      <name>Gdynia, Polska 1</name>
      <description><![CDATA[<b>Data wybudowania:</b> 1933<br><b>Uwagi:</b> Dyckerhoff &amp; Widmann; Od 2015 ME]]></description>
      <Point>
        <coordinates>18.5479591,54.5330248,0</coordinates>
      </Point>
    </Placemark>
    <Placemark>
      <name>Gdynia, Polska 13 A</name>
      <description><![CDATA[<b>Data wybudowania:</b> 2008<br><b>Uwagi:</b> Biurowiec Portu Gdynia]]></description>
      <Point>
        <coordinates>18.536776737286285,54.52942605,0</coordinates>
      </Point>
    </Placemark>
    <Placemark>
      <name>Gdynia, pomnik Sienkiewicza </name>
      <description><![CDATA[<b>Data wybudowania:</b> 1924<br><b>Uwagi:</b> Brak uwag]]></description>
      <Point>
        <coordinates>18.549318,54.511160,0</coordinates>
      </Point>
    </Placemark>
    <Placemark>
      <name>Gdynia, Pomorska 18</name>
      <description><![CDATA[<b>Data wybudowania:</b> 1930<br><b>Uwagi:</b> siedziba Pomorskiej Szkoły Sztuk Pięknych w Gdyni]]></description>
      <Point>
        <coordinates>18.529974,54.515579,0</coordinates>
      </Point>
    </Placemark>
    <Placemark>
      <name>Gdynia, Portowa 4</name>
      <description><![CDATA[<b>Data wybudowania:</b> 1928<br><b>Uwagi:</b> Roman Wojkiewicz]]></description>
      <Point>
        <coordinates>18.542704,54.524366,0</coordinates>
      </Point>
    </Placemark>
    <Placemark>
      <name>Gdynia, Promienna 4</name>
      <description><![CDATA[<b>Data wybudowania:</b> 2020<br><b>Uwagi:</b> Brak uwag]]></description>
      <Point>
        <coordinates>18.496588,54.496958,0</coordinates>
      </Point>
    </Placemark>
    <Placemark>
      <name>Gdynia, Prusa 9/11</name>
      <description><![CDATA[<b>Data wybudowania:</b> Brak danych<br><b>Uwagi:</b> bud. PPTKM dla Englichów, tzw. japońska górka ]]></description>
      <Point>
        <coordinates>18.554433,54.506018,0</coordinates>
      </Point>
    </Placemark>
    <Placemark>
      <name>Gdynia, Pucka 5</name>
      <description><![CDATA[<b>Data wybudowania:</b> 2020<br><b>Uwagi:</b> Brak uwag]]></description>
      <Point>
        <coordinates>18.4677530967797,54.54550304999999,0</coordinates>
      </Point>
    </Placemark>
    <Placemark>
      <name>Gdynia, Pułaskiego 6</name>
      <description><![CDATA[<b>Data wybudowania:</b> 1948<br><b>Uwagi:</b> Brak uwag]]></description>
      <Point>
        <coordinates>18.54463592404135,54.52090415,0</coordinates>
      </Point>
    </Placemark>
    <Placemark>
      <name>Gdynia, Pusta 9</name>
      <description><![CDATA[<b>Data wybudowania:</b> 1985<br><b>Uwagi:</b> Brak uwag]]></description>
      <Point>
        <coordinates>18.451045,54.534274,0</coordinates>
      </Point>
    </Placemark>
    <Placemark>
      <name>Gdynia, Raduńska</name>
      <description><![CDATA[<b>Data wybudowania:</b> 1938<br><b>Uwagi:</b> Szkoła nr 16 przed wojną]]></description>
      <Point>
        <coordinates>18.460604,54.537576,0</coordinates>
      </Point>
    </Placemark>
    <Placemark>
      <name>Gdynia, Rozewska 34</name>
      <description><![CDATA[<b>Data wybudowania:</b> 1975<br><b>Uwagi:</b> w 1974 trwała budowa]]></description>
      <Point>
        <coordinates>18.461215,54.541011,0</coordinates>
      </Point>
    </Placemark>
    <Placemark>
      <name>Gdynia, Sambora</name>
      <description><![CDATA[<b>Data wybudowania:</b> 1963<br><b>Uwagi:</b> Brak uwag]]></description>
      <Point>
        <coordinates>18.491278,54.526750,0</coordinates>
      </Point>
    </Placemark>
    <Placemark>
      <name>Gdynia, Saperska 10</name>
      <description><![CDATA[<b>Data wybudowania:</b> 2019<br><b>Uwagi:</b> Brak uwag]]></description>
      <Point>
        <coordinates>18.555683,54.486992,0</coordinates>
      </Point>
    </Placemark>
    <Placemark>
      <name>Gdynia, Sędzickiego 19</name>
      <description><![CDATA[<b>Data wybudowania:</b> 1968<br><b>Uwagi:</b> Brak uwag]]></description>
      <Point>
        <coordinates>18.548597676990347,54.51457765,0</coordinates>
      </Point>
    </Placemark>
    <Placemark>
      <name>Gdynia, Sienkiewicza Victoria Regia</name>
      <description><![CDATA[<b>Data wybudowania:</b> 2008<br><b>Uwagi:</b> od 2008/2009 nowy budynek a oryginał z 1927 był autorstwa: Bohdan Lachert, Józef Szanajca - dla Gustawa Pełki]]></description>
      <Point>
        <coordinates>18.546724,54.514892,0</coordinates>
      </Point>
    </Placemark>
    <Placemark>
      <name>Gdynia, Skwer Kościuszki 10/12</name>
      <description><![CDATA[<b>Data wybudowania:</b> 1937<br><b>Uwagi:</b> arch. Tadeusz Jędrzejewski]]></description>
      <Point>
        <coordinates>18.545749723471424,54.51919975,0</coordinates>
      </Point>
    </Placemark>
    <Placemark>
      <name>Gdynia, Skwer Kościuszki 14</name>
      <description><![CDATA[<b>Data wybudowania:</b> 1926<br><b>Uwagi:</b> Kamienica Peszkowskiego]]></description>
      <Point>
        <coordinates>18.544487,54.519760,0</coordinates>
      </Point>
    </Placemark>
    <Placemark>
      <name>Gdynia, Skwer Kościuszki 16</name>
      <description><![CDATA[<b>Data wybudowania:</b> 1938<br><b>Uwagi:</b> Architekci: Zbigniew Kupiec i Tadeusz Kossak dla Adama Jurkowskiego]]></description>
      <Point>
        <coordinates>18.54414887173562,54.51976195,0</coordinates>
      </Point>
    </Placemark>
    <Placemark>
      <name>Gdynia, Słonecznikowa 12</name>
      <description><![CDATA[<b>Data wybudowania:</b> 2016<br><b>Uwagi:</b> Brak uwag]]></description>
      <Point>
        <coordinates>18.469686,54.472169,0</coordinates>
      </Point>
    </Placemark>
    <Placemark>
      <name>Gdynia, Sochaczewska</name>
      <description><![CDATA[<b>Data wybudowania:</b> 2018<br><b>Uwagi:</b> Brak uwag]]></description>
      <Point>
        <coordinates>18.526629,54.482997,0</coordinates>
      </Point>
    </Placemark>
    <Placemark>
      <name>Gdynia, Starochwaszczyńska 17</name>
      <description><![CDATA[<b>Data wybudowania:</b> 2021<br><b>Uwagi:</b> Brak uwag]]></description>
      <Point>
        <coordinates>18.456398,54.453282,0</coordinates>
      </Point>
    </Placemark>
    <Placemark>
      <name>Gdynia, Starowiejska 1</name>
      <description><![CDATA[<b>Data wybudowania:</b> 1928<br><b>Uwagi:</b> dawna kamienica Skwierczów, potem hotel Bristol]]></description>
      <Point>
        <coordinates>18.542454,54.521388,0</coordinates>
      </Point>
    </Placemark>
    <Placemark>
      <name>Gdynia, Starowiejska 10a</name>
      <description><![CDATA[<b>Data wybudowania:</b> 1914<br><b>Uwagi:</b> Dom Schroedera]]></description>
      <Point>
        <coordinates>18.541025,54.521832,0</coordinates>
      </Point>
    </Placemark>
    <Placemark>
      <name>Gdynia, Starowiejska 22-24</name>
      <description><![CDATA[<b>Data wybudowania:</b> 1928<br><b>Uwagi:</b> dawniej Kamienica Beckera i Łyskowskiej]]></description>
      <Point>
        <coordinates>18.538568,54.521358,0</coordinates>
      </Point>
    </Placemark>
    <Placemark>
      <name>Gdynia, Starowiejska 30</name>
      <description><![CDATA[<b>Data wybudowania:</b> 1904<br><b>Uwagi:</b> Domek Abrahama]]></description>
      <Point>
        <coordinates>18.537455,54.521427,0</coordinates>
      </Point>
    </Placemark>
    <Placemark>
      <name>Gdynia, Starowiejska 58</name>
      <description><![CDATA[<b>Data wybudowania:</b> 1930<br><b>Uwagi:</b> Brak uwag]]></description>
      <Point>
        <coordinates>18.532090,54.521221,0</coordinates>
      </Point>
    </Placemark>
    <Placemark>
      <name>Gdynia, Starowiejska 8</name>
      <description><![CDATA[<b>Data wybudowania:</b> 1914<br><b>Uwagi:</b> Willa Laguna; ok. 1914]]></description>
      <Point>
        <coordinates>18.540169,54.521488,0</coordinates>
      </Point>
    </Placemark>
    <Placemark>
      <name>Gdynia, Szczecińska 12a</name>
      <description><![CDATA[<b>Data wybudowania:</b> 1935<br><b>Uwagi:</b> d. dom Związku Zawodowego Maszynistów]]></description>
      <Point>
        <coordinates>18.519527,54.518314,0</coordinates>
      </Point>
    </Placemark>
    <Placemark>
      <name>Gdynia, Szkolna 10</name>
      <description><![CDATA[<b>Data wybudowania:</b> 1929<br><b>Uwagi:</b> Brak uwag]]></description>
      <Point>
        <coordinates>18.53362371715714,54.5200327,0</coordinates>
      </Point>
    </Placemark>
    <Placemark>
      <name>Gdynia, Ściegiennego</name>
      <description><![CDATA[<b>Data wybudowania:</b> 1965<br><b>Uwagi:</b> Brak uwag]]></description>
      <Point>
        <coordinates>18.484100,54.531759,0</coordinates>
      </Point>
    </Placemark>
    <Placemark>
      <name>Gdynia, Św. Wojciecha</name>
      <description><![CDATA[<b>Data wybudowania:</b> 1937<br><b>Uwagi:</b> arch. Wacław Tomaszewski ; gmach Policji]]></description>
      <Point>
        <coordinates>18.543339,54.523990,0</coordinates>
      </Point>
    </Placemark>
    <Placemark>
      <name>Gdynia, Światowida 11</name>
      <description><![CDATA[<b>Data wybudowania:</b> 2020<br><b>Uwagi:</b> Brak uwag]]></description>
      <Point>
        <coordinates>18.555828,54.477422,0</coordinates>
      </Point>
    </Placemark>
    <Placemark>
      <name>Gdynia, Świętojańska 43</name>
      <description><![CDATA[<b>Data wybudowania:</b> 2016<br><b>Uwagi:</b> Brak uwag]]></description>
      <Point>
        <coordinates>18.541868037208616,54.51637375,0</coordinates>
      </Point>
    </Placemark>
    <Placemark>
      <name>Gdynia, Świętojańska 81-83-85</name>
      <description><![CDATA[<b>Data wybudowania:</b> 1928<br><b>Uwagi:</b> Włodzimierz Prohaska, Stanisław Odyniec-Dobrowolski; uznawana za I funkcjonalistyczną w mieście ]]></description>
      <Point>
        <coordinates>18.539716,54.512227,0</coordinates>
      </Point>
    </Placemark>
    <Placemark>
      <name>Gdynia, Unruga 106</name>
      <description><![CDATA[<b>Data wybudowania:</b> 2007<br><b>Uwagi:</b> Brak uwag]]></description>
      <Point>
        <coordinates>18.492292,54.555152,0</coordinates>
      </Point>
    </Placemark>
    <Placemark>
      <name>Gdynia, Waszyngtona 42</name>
      <description><![CDATA[<b>Data wybudowania:</b> 1931<br><b>Uwagi:</b> arch. Wacław Tomaszewski; gmach Instytututu Meteorologii i Gospodarki Wodnej]]></description>
      <Point>
        <coordinates>18.546258,54.520736,0</coordinates>
      </Point>
    </Placemark>
    <Placemark>
      <name>Gdynia, Waszyngtona 44</name>
      <description><![CDATA[<b>Data wybudowania:</b> 1930<br><b>Uwagi:</b> Dowództwo MW przed wojną gmach Żeglugi Polskiej]]></description>
      <Point>
        <coordinates>18.546424,54.520334,0</coordinates>
      </Point>
    </Placemark>
    <Placemark>
      <name>Gdynia, Wendy 22</name>
      <description><![CDATA[<b>Data wybudowania:</b> 2020<br><b>Uwagi:</b> Brak uwag]]></description>
      <Point>
        <coordinates>18.542953,54.525643,0</coordinates>
      </Point>
    </Placemark>
    <Placemark>
      <name>Gdynia, Wielkopolska 286</name>
      <description><![CDATA[<b>Data wybudowania:</b> 2020<br><b>Uwagi:</b> Brak uwag]]></description>
      <Point>
        <coordinates>18.511421,54.471725,0</coordinates>
      </Point>
    </Placemark>
    <Placemark>
      <name>Gdynia, willa Kadrówka, Sieroszewskiego 6</name>
      <description><![CDATA[<b>Data wybudowania:</b> 1923<br><b>Uwagi:</b> Tadeusz Zieliński ]]></description>
      <Point>
        <coordinates>18.547679,54.510500,0</coordinates>
      </Point>
    </Placemark>
    <Placemark>
      <name>Gdynia, Willa Orla, Kasprowicza 2</name>
      <description><![CDATA[<b>Data wybudowania:</b> 1928<br><b>Uwagi:</b> Brunon Kowalski ]]></description>
      <Point>
        <coordinates>18.545032,54.515301,0</coordinates>
      </Point>
    </Placemark>
    <Placemark>
      <name>Gdynia, willa Sadyba, Sieroszewskiego 8</name>
      <description><![CDATA[<b>Data wybudowania:</b> 1923<br><b>Uwagi:</b> Tadeusz Zieliński ]]></description>
      <Point>
        <coordinates>18.547947,54.510256,0</coordinates>
      </Point>
    </Placemark>
    <Placemark>
      <name>Gdynia, willa Sokola, Sieroszewskiego 3 npcw Kadrówki</name>
      <description><![CDATA[<b>Data wybudowania:</b> 1921<br><b>Uwagi:</b> dla Ryszarda Gałczyńskiego (prezesa PPTKM)]]></description>
      <Point>
        <coordinates>18.548060,54.510709,0</coordinates>
      </Point>
    </Placemark>
    <Placemark>
      <name>Gdynia, Witomino-Leśniczówka, Wielkokacka 2</name>
      <description><![CDATA[<b>Data wybudowania:</b> 2002<br><b>Uwagi:</b> Brak uwag]]></description>
      <Point>
        <coordinates>18.5092435,54.4979528,0</coordinates>
      </Point>
    </Placemark>
    <Placemark>
      <name>Gdynia, Władysława IV 43</name>
      <description><![CDATA[<b>Data wybudowania:</b> 2001<br><b>Uwagi:</b> Brak uwag]]></description>
      <Point>
        <coordinates>18.53847568061002,54.5123663,0</coordinates>
      </Point>
    </Placemark>
    <Placemark>
      <name>Gdynia, Wójta Radtkego 1</name>
      <description><![CDATA[<b>Data wybudowania:</b> 1975<br><b>Uwagi:</b> Brak uwag]]></description>
      <Point>
        <coordinates>18.542583,54.522261,0</coordinates>
      </Point>
    </Placemark>
    <Placemark>
      <name>Gdynia, Wójta Radtkego 1 C</name>
      <description><![CDATA[<b>Data wybudowania:</b> 1939<br><b>Uwagi:</b> Brak uwag]]></description>
      <Point>
        <coordinates>18.541988,54.522248,0</coordinates>
      </Point>
    </Placemark>
    <Placemark>
      <name>Gdynia, Zakopiańska 11</name>
      <description><![CDATA[<b>Data wybudowania:</b> 1932<br><b>Uwagi:</b> ; ok. 1932; jest zdjęcie z 1930 gdy były budowane]]></description>
      <Point>
        <coordinates>18.528271,54.515127,0</coordinates>
      </Point>
    </Placemark>
    <Placemark>
      <name>Gdynia, Zakopiańska 15</name>
      <description><![CDATA[<b>Data wybudowania:</b> 1930<br><b>Uwagi:</b> przed tym rokiem]]></description>
      <Point>
        <coordinates>18.528265,54.515445,0</coordinates>
      </Point>
    </Placemark>
    <Placemark>
      <name>Gdynia, Zamenhoffa 11</name>
      <description><![CDATA[<b>Data wybudowania:</b> 1965<br><b>Uwagi:</b> lub 1966 bo w 65 trwała jeszcze budowa]]></description>
      <Point>
        <coordinates>18.482180,54.537171,0</coordinates>
      </Point>
    </Placemark>
    <Placemark>
      <name>Gdynia, Zawiszy Czarnego 1, Hotel Polska Riviera </name>
      <description><![CDATA[<b>Data wybudowania:</b> 1923<br><b>Uwagi:</b> inż. Władysław Granowski]]></description>
      <Point>
        <coordinates>18.547867,54.516137,0</coordinates>
      </Point>
    </Placemark>
    <Placemark>
      <name>Gdynia, Zawiszy Czarnego 1a</name>
      <description><![CDATA[<b>Data wybudowania:</b> 2007<br><b>Uwagi:</b> Brak uwag]]></description>
      <Point>
        <coordinates>18.547302932915503,54.51596055,0</coordinates>
      </Point>
    </Placemark>
    <Placemark>
      <name>Gdynia, Zawiszy Czarnego 1b</name>
      <description><![CDATA[<b>Data wybudowania:</b> 2012<br><b>Uwagi:</b> Brak uwag]]></description>
      <Point>
        <coordinates>18.54786423682534,54.515817600000005,0</coordinates>
      </Point>
    </Placemark>
    <Placemark>
      <name>Gdynia, Zbożowa 59</name>
      <description><![CDATA[<b>Data wybudowania:</b> 2007<br><b>Uwagi:</b> Brak uwag]]></description>
      <Point>
        <coordinates>18.44679087473333,54.54344645,0</coordinates>
      </Point>
    </Placemark>
    <Placemark>
      <name>Gdynia, Zwycięstwa 241</name>
      <description><![CDATA[<b>Data wybudowania:</b> 2016<br><b>Uwagi:</b> Brak uwag]]></description>
      <Point>
        <coordinates>18.552814234297813,54.4803342,0</coordinates>
      </Point>
    </Placemark>
    <Placemark>
      <name>Gdynia, Żeromskiego 26</name>
      <description><![CDATA[<b>Data wybudowania:</b> 1952<br><b>Uwagi:</b> architekci z Warszawy Stefan Koziński i Bohdan Damięcki,]]></description>
      <Point>
        <coordinates>18.544498,54.522139,0</coordinates>
      </Point>
    </Placemark>
    <Placemark>
      <name>Gdynia, Żurawia 15</name>
      <description><![CDATA[<b>Data wybudowania:</b> 1991<br><b>Uwagi:</b> Brak uwag]]></description>
      <Point>
        <coordinates>18.441598,54.537103,0</coordinates>
      </Point>
    </Placemark>
    <Placemark>
      <name>Hotel Oliwski</name>
      <description><![CDATA[<b>Data wybudowania:</b> 2007<br><b>Uwagi:</b> Brak uwag]]></description>
      <Point>
        <coordinates>18.567611,54.411330,0</coordinates>
      </Point>
    </Placemark>
    <Placemark>
      <name>Muzeum II Wojny Światowej</name>
      <description><![CDATA[<b>Data wybudowania:</b> 2017<br><b>Uwagi:</b> Brak uwag]]></description>
      <Point>
        <coordinates>18.661121202226163,54.35594145,0</coordinates>
      </Point>
    </Placemark>
    <Placemark>
      <name>Rumia, Sobieskiego 14a</name>
      <description><![CDATA[<b>Data wybudowania:</b> 2010<br><b>Uwagi:</b> Brak uwag]]></description>
      <Point>
        <coordinates>18.3906217,54.5630664,0</coordinates>
      </Point>
    </Placemark>
    <Placemark>
      <name>Sopot, 3 Maja 12</name>
      <description><![CDATA[<b>Data wybudowania:</b> 1905<br><b>Uwagi:</b> Brak uwag]]></description>
      <Point>
        <coordinates>18.572205,54.438380,0</coordinates>
      </Point>
    </Placemark>
    <Placemark>
      <name>Sopot, 3 Maja 15</name>
      <description><![CDATA[<b>Data wybudowania:</b> 1900<br><b>Uwagi:</b> Brak uwag]]></description>
      <Point>
        <coordinates>18.571674,54.437615,0</coordinates>
      </Point>
    </Placemark>
    <Placemark>
      <name>Sopot, 3 Maja 21</name>
      <description><![CDATA[<b>Data wybudowania:</b> 1904<br><b>Uwagi:</b> Brak uwag]]></description>
      <Point>
        <coordinates>18.570518,54.436987,0</coordinates>
      </Point>
    </Placemark>
    <Placemark>
      <name>Sopot, 3 Maja 49</name>
      <description><![CDATA[<b>Data wybudowania:</b> 1972<br><b>Uwagi:</b> 1951 (dln) i 1972 (górny kościół) ; projekt Marka Sztafrowskiego]]></description>
      <Point>
        <coordinates>18.56747038770992,54.43548885,0</coordinates>
      </Point>
    </Placemark>
    <Placemark>
      <name>Sopot, Bitwy pod Płowcami 2</name>
      <description><![CDATA[<b>Data wybudowania:</b> 1979<br><b>Uwagi:</b> Brak uwag]]></description>
      <Point>
        <coordinates>18.573208,54.437984,0</coordinates>
      </Point>
    </Placemark>
    <Placemark>
      <name>Sopot, Bitwy pod Płowcami 33</name>
      <description><![CDATA[<b>Data wybudowania:</b> 2009<br><b>Uwagi:</b> Brak uwag]]></description>
      <Point>
        <coordinates>18.577591,54.435728,0</coordinates>
      </Point>
    </Placemark>
    <Placemark>
      <name>Sopot, Bitwy pod Płowcami 59</name>
      <description><![CDATA[<b>Data wybudowania:</b> 2012<br><b>Uwagi:</b> "Dom i Miasto'84" (Dim'84) Czesława Bieleckiego]]></description>
      <Point>
        <coordinates>18.58402774119418,54.4337908,0</coordinates>
      </Point>
    </Placemark>
    <Placemark>
      <name>Sopot, Bitwy pod Płowcami 6</name>
      <description><![CDATA[<b>Data wybudowania:</b> 1979<br><b>Uwagi:</b> Brak uwag]]></description>
      <Point>
        <coordinates>18.573546,54.437713,0</coordinates>
      </Point>
    </Placemark>
    <Placemark>
      <name>Sopot, Bohaterów Monte Cassino 31</name>
      <description><![CDATA[<b>Data wybudowania:</b> 1891<br><b>Uwagi:</b> Brak uwag]]></description>
      <Point>
        <coordinates>18.563264290146773,54.44351495,0</coordinates>
      </Point>
    </Placemark>
    <Placemark>
      <name>Sopot, Chopina 11</name>
      <description><![CDATA[<b>Data wybudowania:</b> 1898<br><b>Uwagi:</b> Brak uwag]]></description>
      <Point>
        <coordinates>18.566345,54.441536,0</coordinates>
      </Point>
    </Placemark>
    <Placemark>
      <name>Sopot, Cieszyńskiego 10</name>
      <description><![CDATA[<b>Data wybudowania:</b> 1977<br><b>Uwagi:</b> Brak uwag]]></description>
      <Point>
        <coordinates>18.536671,54.456654,0</coordinates>
      </Point>
    </Placemark>
    <Placemark>
      <name>Sopot, Cieszyńskiego 12</name>
      <description><![CDATA[<b>Data wybudowania:</b> 1977<br><b>Uwagi:</b> Brak uwag]]></description>
      <Point>
        <coordinates>18.535786,54.456564,0</coordinates>
      </Point>
    </Placemark>
    <Placemark>
      <name>Sopot, Cieszyńskiego 14</name>
      <description><![CDATA[<b>Data wybudowania:</b> 1977<br><b>Uwagi:</b> Brak uwag]]></description>
      <Point>
        <coordinates>18.534933,54.456602,0</coordinates>
      </Point>
    </Placemark>
    <Placemark>
      <name>Sopot, Cieszyńskiego 17</name>
      <description><![CDATA[<b>Data wybudowania:</b> 1976<br><b>Uwagi:</b> dawna kotłownia, teraz BreakThru Films (Chłopi, Twój Vincent)]]></description>
      <Point>
        <coordinates>18.539879,54.455445,0</coordinates>
      </Point>
    </Placemark>
    <Placemark>
      <name>Sopot, Cieszyńskiego 18</name>
      <description><![CDATA[<b>Data wybudowania:</b> 1977<br><b>Uwagi:</b> Brak uwag]]></description>
      <Point>
        <coordinates>18.534037,54.456755,0</coordinates>
      </Point>
    </Placemark>
    <Placemark>
      <name>Sopot, Cieszyńskiego 22</name>
      <description><![CDATA[<b>Data wybudowania:</b> 1983<br><b>Uwagi:</b> 1975-1983]]></description>
      <Point>
        <coordinates>18.535212,54.457226,0</coordinates>
      </Point>
    </Placemark>
    <Placemark>
      <name>Sopot, Czyżewskiego 11</name>
      <description><![CDATA[<b>Data wybudowania:</b> 1906<br><b>Uwagi:</b> Brak uwag]]></description>
      <Point>
        <coordinates>18.562659,54.444434,0</coordinates>
      </Point>
    </Placemark>
    <Placemark>
      <name>Sopot, Haffnera 44</name>
      <description><![CDATA[<b>Data wybudowania:</b> 1906<br><b>Uwagi:</b> Brak uwag]]></description>
      <Point>
        <coordinates>18.564121,54.447637,0</coordinates>
      </Point>
    </Placemark>
    <Placemark>
      <name>Sopot, Haffnera 48</name>
      <description><![CDATA[<b>Data wybudowania:</b> 1891<br><b>Uwagi:</b> Brak uwag]]></description>
      <Point>
        <coordinates>18.563885,54.448134,0</coordinates>
      </Point>
    </Placemark>
    <Placemark>
      <name>Sopot, Haffnera 55</name>
      <description><![CDATA[<b>Data wybudowania:</b> 2001<br><b>Uwagi:</b> Brak uwag]]></description>
      <Point>
        <coordinates>18.562491964991967,54.449140549999996,0</coordinates>
      </Point>
    </Placemark>
    <Placemark>
      <name>Sopot, Haffnera 88</name>
      <description><![CDATA[<b>Data wybudowania:</b> 2016<br><b>Uwagi:</b> Brak uwag]]></description>
      <Point>
        <coordinates>18.560146,54.455260,0</coordinates>
      </Point>
    </Placemark>
    <Placemark>
      <name>Sopot, Jagiełły 1899</name>
      <description><![CDATA[<b>Data wybudowania:</b> 1899<br><b>Uwagi:</b> Brak uwag]]></description>
      <Point>
        <coordinates>18.565403,54.441912,0</coordinates>
      </Point>
    </Placemark>
    <Placemark>
      <name>Sopot, Karlikowska 13</name>
      <description><![CDATA[<b>Data wybudowania:</b> 1977<br><b>Uwagi:</b> Brak uwag]]></description>
      <Point>
        <coordinates>18.573959,54.437145,0</coordinates>
      </Point>
    </Placemark>
    <Placemark>
      <name>Sopot, Karlikowska 15</name>
      <description><![CDATA[<b>Data wybudowania:</b> 1977<br><b>Uwagi:</b> Brak uwag]]></description>
      <Point>
        <coordinates>18.574405,54.436863,0</coordinates>
      </Point>
    </Placemark>
    <Placemark>
      <name>Sopot, Kolberga 12</name>
      <description><![CDATA[<b>Data wybudowania:</b> 1977<br><b>Uwagi:</b> 1976-1977]]></description>
      <Point>
        <coordinates>18.536457,54.458058,0</coordinates>
      </Point>
    </Placemark>
    <Placemark>
      <name>Sopot, Kolberga 14</name>
      <description><![CDATA[<b>Data wybudowania:</b> 1977<br><b>Uwagi:</b> 1976-1977]]></description>
      <Point>
        <coordinates>18.535234,54.458114,0</coordinates>
      </Point>
    </Placemark>
    <Placemark>
      <name>Sopot, Kolberga 16</name>
      <description><![CDATA[<b>Data wybudowania:</b> 1977<br><b>Uwagi:</b> 1976-1977]]></description>
      <Point>
        <coordinates>18.534129,54.458126,0</coordinates>
      </Point>
    </Placemark>
    <Placemark>
      <name>Sopot, Kolberga 18</name>
      <description><![CDATA[<b>Data wybudowania:</b> 1977<br><b>Uwagi:</b> 1976-1977]]></description>
      <Point>
        <coordinates>18.533002,54.458095,0</coordinates>
      </Point>
    </Placemark>
    <Placemark>
      <name>Sopot, Kolberga 2</name>
      <description><![CDATA[<b>Data wybudowania:</b> 1978<br><b>Uwagi:</b> 1977-1978]]></description>
      <Point>
        <coordinates>18.541435,54.456367,0</coordinates>
      </Point>
    </Placemark>
    <Placemark>
      <name>Sopot, Kolberga 31</name>
      <description><![CDATA[<b>Data wybudowania:</b> 1976<br><b>Uwagi:</b> styczeń 1976]]></description>
      <Point>
        <coordinates>18.528056,54.456292,0</coordinates>
      </Point>
    </Placemark>
    <Placemark>
      <name>Sopot, Kolberga 4</name>
      <description><![CDATA[<b>Data wybudowania:</b> 1978<br><b>Uwagi:</b> 1977-1978]]></description>
      <Point>
        <coordinates>18.540330,54.456592,0</coordinates>
      </Point>
    </Placemark>
    <Placemark>
      <name>Sopot, Kolberga 6</name>
      <description><![CDATA[<b>Data wybudowania:</b> 1978<br><b>Uwagi:</b> 1977-1978]]></description>
      <Point>
        <coordinates>18.539160,54.456985,0</coordinates>
      </Point>
    </Placemark>
    <Placemark>
      <name>Sopot, Kolberga 8</name>
      <description><![CDATA[<b>Data wybudowania:</b> 1979<br><b>Uwagi:</b> Przedszkole]]></description>
      <Point>
        <coordinates>18.538254,54.457581,0</coordinates>
      </Point>
    </Placemark>
    <Placemark>
      <name>Sopot, Kolerga 15</name>
      <description><![CDATA[<b>Data wybudowania:</b> 1978<br><b>Uwagi:</b> Szkoła Podstawowa (powstała 2 lata po terminie)]]></description>
      <Point>
        <coordinates>18.531806,54.456568,0</coordinates>
      </Point>
    </Placemark>
    <Placemark>
      <name>Sopot, Kolerga 19</name>
      <description><![CDATA[<b>Data wybudowania:</b> 1976<br><b>Uwagi:</b> winda tak mówi]]></description>
      <Point>
        <coordinates>18.530427,54.456423,0</coordinates>
      </Point>
    </Placemark>
    <Placemark>
      <name>Sopot, Kopernika 10</name>
      <description><![CDATA[<b>Data wybudowania:</b> 1915<br><b>Uwagi:</b> Brak uwag]]></description>
      <Point>
        <coordinates>18.554438,54.436467,0</coordinates>
      </Point>
    </Placemark>
    <Placemark>
      <name>Sopot, kościół św. Jerzego</name>
      <description><![CDATA[<b>Data wybudowania:</b> 1901<br><b>Uwagi:</b> Ludwig von Tiedemann]]></description>
      <Point>
        <coordinates>18.563861268745597,54.443214299999994,0</coordinates>
      </Point>
    </Placemark>
    <Placemark>
      <name>Sopot, Kościół Zesłania Ducha Świętego</name>
      <description><![CDATA[<b>Data wybudowania:</b> 2004<br><b>Uwagi:</b> Brak uwag]]></description>
      <Point>
        <coordinates>18.544391,54.456981,0</coordinates>
      </Point>
    </Placemark>
    <Placemark>
      <name>Sopot, Kościuszki 14</name>
      <description><![CDATA[<b>Data wybudowania:</b> 2015<br><b>Uwagi:</b> Brak uwag]]></description>
      <Point>
        <coordinates>18.562886611167823,54.44118815,0</coordinates>
      </Point>
    </Placemark>
    <Placemark>
      <name>Sopot, Kościuszki 29</name>
      <description><![CDATA[<b>Data wybudowania:</b> 1896<br><b>Uwagi:</b> Willa Herbstów; arch. Wilhelm Lippke]]></description>
      <Point>
        <coordinates>18.56572374530201,54.43943945,0</coordinates>
      </Point>
    </Placemark>
    <Placemark>
      <name>Sopot, Kościuszki 41</name>
      <description><![CDATA[<b>Data wybudowania:</b> 1892<br><b>Uwagi:</b> Willa Piotrowskiego; projekt Wilhelm Werner]]></description>
      <Point>
        <coordinates>18.564856,54.438201,0</coordinates>
      </Point>
    </Placemark>
    <Placemark>
      <name>Sopot, Kościuszki 42</name>
      <description><![CDATA[<b>Data wybudowania:</b> 1895<br><b>Uwagi:</b> Willa Skibowskiego]]></description>
      <Point>
        <coordinates>18.564062,54.438176,0</coordinates>
      </Point>
    </Placemark>
    <Placemark>
      <name>Sopot, Kościuszki 50</name>
      <description><![CDATA[<b>Data wybudowania:</b> 1900<br><b>Uwagi:</b> Brak uwag]]></description>
      <Point>
        <coordinates>18.564121,54.437303,0</coordinates>
      </Point>
    </Placemark>
    <Placemark>
      <name>Sopot, Kościuszki 68</name>
      <description><![CDATA[<b>Data wybudowania:</b> 1909<br><b>Uwagi:</b> prawdopodobnie, tyle dojrzałem na wiatrowskazie]]></description>
      <Point>
        <coordinates>18.564757,54.435510,0</coordinates>
      </Point>
    </Placemark>
    <Placemark>
      <name>Sopot, Lipowa 16</name>
      <description><![CDATA[<b>Data wybudowania:</b> 1904<br><b>Uwagi:</b> Brak uwag]]></description>
      <Point>
        <coordinates>18.568496,54.437700,0</coordinates>
      </Point>
    </Placemark>
    <Placemark>
      <name>Sopot, Lipowa 19</name>
      <description><![CDATA[<b>Data wybudowania:</b> 2009<br><b>Uwagi:</b> Brak uwag]]></description>
      <Point>
        <coordinates>18.568225,54.438045,0</coordinates>
      </Point>
    </Placemark>
    <Placemark>
      <name>Sopot, Łokietka 23a</name>
      <description><![CDATA[<b>Data wybudowania:</b> 2002<br><b>Uwagi:</b> winda z 2003]]></description>
      <Point>
        <coordinates>18.572474,54.433311,0</coordinates>
      </Point>
    </Placemark>
    <Placemark>
      <name>Sopot, Łokietka 51a</name>
      <description><![CDATA[<b>Data wybudowania:</b> 2006<br><b>Uwagi:</b> winda]]></description>
      <Point>
        <coordinates>18.575145,54.429995,0</coordinates>
      </Point>
    </Placemark>
    <Placemark>
      <name>Sopot, Malczewskiego 9a</name>
      <description><![CDATA[<b>Data wybudowania:</b> 2023<br><b>Uwagi:</b> Brak uwag]]></description>
      <Point>
        <coordinates>18.552931,54.451007,0</coordinates>
      </Point>
    </Placemark>
    <Placemark>
      <name>Sopot, Małopolska 5</name>
      <description><![CDATA[<b>Data wybudowania:</b> 1906<br><b>Uwagi:</b> około ; dawna Willa Helena, współcześnie przebudowana]]></description>
      <Point>
        <coordinates>18.552019,54.456759,0</coordinates>
      </Point>
    </Placemark>
    <Placemark>
      <name>Sopot, Niepodległości 761</name>
      <description><![CDATA[<b>Data wybudowania:</b> 1899<br><b>Uwagi:</b> 1899/2013]]></description>
      <Point>
        <coordinates>18.56085733031584,54.44013675,0</coordinates>
      </Point>
    </Placemark>
    <Placemark>
      <name>Sopot, Niepodległości 778</name>
      <description><![CDATA[<b>Data wybudowania:</b> 2006<br><b>Uwagi:</b> Brak uwag]]></description>
      <Point>
        <coordinates>18.559709,54.442081,0</coordinates>
      </Point>
    </Placemark>
    <Placemark>
      <name>Sopot, Opera Leśna</name>
      <description><![CDATA[<b>Data wybudowania:</b> 1909<br><b>Uwagi:</b> Brak uwag]]></description>
      <Point>
        <coordinates>18.544391243716817,54.4446267,0</coordinates>
      </Point>
    </Placemark>
    <Placemark>
      <name>Sopot, plac Zdrojowy 2</name>
      <description><![CDATA[<b>Data wybudowania:</b> 2009<br><b>Uwagi:</b> Brak uwag]]></description>
      <Point>
        <coordinates>18.5689404964984,54.44579305,0</coordinates>
      </Point>
    </Placemark>
    <Placemark>
      <name>Sopot, Powstańców Warszawy 10</name>
      <description><![CDATA[<b>Data wybudowania:</b> 2008<br><b>Uwagi:</b> Brak uwag]]></description>
      <Point>
        <coordinates>18.569270656891163,54.44655985,0</coordinates>
      </Point>
    </Placemark>
    <Placemark>
      <name>Sopot, Powstańców Warszawy 3</name>
      <description><![CDATA[<b>Data wybudowania:</b> 2008<br><b>Uwagi:</b> tunel]]></description>
      <Point>
        <coordinates>18.568783,54.445267,0</coordinates>
      </Point>
    </Placemark>
    <Placemark>
      <name>Sopot, Rzemieślnicza 17/19</name>
      <description><![CDATA[<b>Data wybudowania:</b> 2009<br><b>Uwagi:</b> Brak uwag]]></description>
      <Point>
        <coordinates>18.564722,54.427319,0</coordinates>
      </Point>
    </Placemark>
    <Placemark>
      <name>Sopot, Rzemieślnicza 33</name>
      <description><![CDATA[<b>Data wybudowania:</b> 2005<br><b>Uwagi:</b> lub 2006]]></description>
      <Point>
        <coordinates>18.565135,54.426033,0</coordinates>
      </Point>
    </Placemark>
    <Placemark>
      <name>Sopot, Rzemieślnicza 7</name>
      <description><![CDATA[<b>Data wybudowania:</b> 2003<br><b>Uwagi:</b> Brak uwag]]></description>
      <Point>
        <coordinates>18.563949,54.428733,0</coordinates>
      </Point>
    </Placemark>
    <Placemark>
      <name>Sopot, Skłodowskiej 5</name>
      <description><![CDATA[<b>Data wybudowania:</b> 1899<br><b>Uwagi:</b> Brak uwag]]></description>
      <Point>
        <coordinates>18.566020,54.436742,0</coordinates>
      </Point>
    </Placemark>
    <Placemark>
      <name>Sopot, Skłodowskiej-Curie 10-12</name>
      <description><![CDATA[<b>Data wybudowania:</b> 1904<br><b>Uwagi:</b> arch. Paul Puchmuller , d. Dom Opieki Gminy Ewangelickiej]]></description>
      <Point>
        <coordinates>18.567018,54.436593,0</coordinates>
      </Point>
    </Placemark>
    <Placemark>
      <name>Sopot, Sobieskiego 27</name>
      <description><![CDATA[<b>Data wybudowania:</b> 2002<br><b>Uwagi:</b> Brak uwag]]></description>
      <Point>
        <coordinates>18.566916,54.441119,0</coordinates>
      </Point>
    </Placemark>
    <Placemark>
      <name>Sopot, Tatrzańska 4</name>
      <description><![CDATA[<b>Data wybudowania:</b> 1968<br><b>Uwagi:</b> Brak uwag]]></description>
      <Point>
        <coordinates>18.551177,54.454770,0</coordinates>
      </Point>
    </Placemark>
    <Placemark>
      <name>Sopot, Wejherowska 1</name>
      <description><![CDATA[<b>Data wybudowania:</b> 1908<br><b>Uwagi:</b> Szkoła, pierwszy kierownik to Franz Splett (ojciec późniejszego bp)]]></description>
      <Point>
        <coordinates>18.554406,54.453023,0</coordinates>
      </Point>
    </Placemark>
    <Placemark>
      <name>Sopot, Władysława IV 11</name>
      <description><![CDATA[<b>Data wybudowania:</b> 1905<br><b>Uwagi:</b> Brak uwag]]></description>
      <Point>
        <coordinates>18.567554,54.437359,0</coordinates>
      </Point>
    </Placemark>
    <Placemark>
      <name>Sopot, wybickiego 6</name>
      <description><![CDATA[<b>Data wybudowania:</b> 1897<br><b>Uwagi:</b> Brak uwag]]></description>
      <Point>
        <coordinates>18.559449,54.438162,0</coordinates>
      </Point>
    </Placemark>
  </Document>
</kml>